kind,visibility,name,qualified_name,module_path,section_path,mutual_parent,decl_line,decl_end_line,declaration_span_lines,proof_line,proof_end_line,proof_terminator,proof_span_lines,proof_body_nonblank_lines,internal_dependencies_count,internal_dependencies,internal_callers_count,internal_callers,qualified_external_use_count,qualified_external_uses,confirmed_external_root,reachable_from_any_external_root,checker_root,reachable_from_checker_root,semantics_root,reachable_from_semantics_root,validator_root,reachable_from_validator_root,family,owner,recommended_refactor,priority,refactor_risk,api_constraint
Definition,Public,ident,ISSRefinement.ident,ISSRefinement,,,21,31,11,,,,0,0,0,,0,,0,,no,no,no,no,no,no,no,no,Repository-unreferenced exported utility,Compatibility/public API,No qualified repository use and no path from a public external root. Preserve unless an intentional API break is approved.,P1 dead-route review,low,Exported but repository-unreferenced; preserve unless an intentional breaking change is approved.
Definition,Public,payload_eq_except_domain,ISSRefinement.payload_eq_except_domain,ISSRefinement,,,32,43,12,,,,0,0,0,,6,payload_eq_except_domain_refl;payload_eq_except_domainb_correct;stmt_parent_payload_relation_children_payload;stmt_partition_refinement;stmt_payload_matches_witness;stmt_payload_matches_witness_parent,9,src/ISSSemantics.v:176:Refine.payload_eq_except_domain;src/ISSSemantics.v:180:Refine.payload_eq_except_domain;src/ISSSemantics.v:186:Refine.payload_eq_except_domain;src/ISSSemantics.v:192:Refine.payload_eq_except_domain;src/ISSSemantics.v:213:Refine.payload_eq_except_domain;src/ISSSemantics.v:219:Refine.payload_eq_except_domain;src/ISSSemantics.v:241:Refine.payload_eq_except_domain;src/ISSSemantics.v:519:Refine.payload_eq_except_domain;src/ISSSemantics.v:583:Refine.payload_eq_except_domain,yes,yes,no,yes,yes,yes,no,yes,Payload relation,ISS declarative payload equality and boolean reflection,Keep the relation here; replace goal-shape boolean decomposition with explicit named conversions.,P0 goal-shape cleanup,low,Direct qualified repository use; preserve name and type.
Definition,Public,payload_eq_except_domainb,ISSRefinement.payload_eq_except_domainb,ISSRefinement,,,44,64,21,,,,0,0,0,,1,payload_eq_except_domainb_correct,1,src/ISSBoolChecker.v:107:Refine.payload_eq_except_domainb,yes,yes,yes,yes,no,no,no,no,Payload relation,ISS declarative payload equality and boolean reflection,Keep the relation here; replace goal-shape boolean decomposition with explicit named conversions.,P0 goal-shape cleanup,low,Direct qualified repository use; preserve name and type.
Lemma,Public,payload_eq_except_domainb_correct,ISSRefinement.payload_eq_except_domainb_correct,ISSRefinement,,,65,88,25,69,88,Qed,20,18,2,payload_eq_except_domain;payload_eq_except_domainb,0,,1,src/ISSBoolChecker.v:122:Refine.payload_eq_except_domainb_correct,yes,yes,yes,yes,no,no,no,no,Payload relation,ISS declarative payload equality and boolean reflection,Keep the relation here; replace goal-shape boolean decomposition with explicit named conversions.,P0 goal-shape cleanup,low,Direct qualified repository use; preserve name and type.
Lemma,Public,payload_eq_except_domain_refl,ISSRefinement.payload_eq_except_domain_refl,ISSRefinement,,,90,97,11,93,97,Qed,5,3,1,payload_eq_except_domain,1,stmt_partition_refinement_singleton,0,,no,no,no,no,no,no,no,no,Repository-unreferenced exported utility,Compatibility/public API,No qualified repository use and no path from a public external root. Preserve unless an intentional API break is approved.,P1 dead-route review,low,Exported but repository-unreferenced; preserve unless an intentional breaking change is approved.
Definition,Public,iss_pairs,ISSRefinement.iss_pairs,ISSRefinement,,,101,106,6,,,,0,0,0,,3,child_pairs_for_parent;stmt_domain_cut_relation_all_subset;stmt_parent_payload_relation_children_payload,7,src/ISSCutSemantics.v:565:Refine.iss_pairs;src/ISSCutSemantics.v:810:Refine.iss_pairs;src/ISSCutSemantics.v:816:Refine.iss_pairs;src/ISSCutSemantics.v:830:Refine.iss_pairs;src/ISSCutSemantics.v:856:Refine.iss_pairs;src/ISSSemantics.v:344:Refine.iss_pairs;src/ISSSemantics.v:411:Refine.iss_pairs,yes,yes,no,yes,yes,yes,no,yes,Cut encoding,ISS cut-to-polyhedron encoding and semantic equivalence,Keep ISS-specific encoding and induction here; reuse low-level dot-product facts.,P1 local cleanup,low,Direct qualified repository use; preserve name and type.
Definition,Public,child_pairs_for_parent,ISSRefinement.child_pairs_for_parent,ISSRefinement,,,107,116,10,,,,0,0,1,iss_pairs,6,child_signs_for_parent;children_for_parent;parent_sign_partition_complete_has_child;stmt_domain_cut_relation_all_subset;stmt_domain_cut_relation_disjoint;stmt_parent_payload_relation_children_payload,10,src/ISSCutSemantics.v:366:Refine.child_pairs_for_parent;src/ISSCutSemantics.v:378:Refine.child_pairs_for_parent;src/ISSCutSemantics.v:379:Refine.child_pairs_for_parent;src/ISSCutSemantics.v:562:Refine.child_pairs_for_parent;src/ISSCutSemantics.v:565:Refine.child_pairs_for_parent;src/ISSCutSemantics.v:783:Refine.child_pairs_for_parent;src/ISSCutSemantics.v:790:Refine.child_pairs_for_parent;src/ISSCutSemantics.v:837:Refine.child_pairs_for_parent;src/ISSSemantics.v:344:Refine.child_pairs_for_parent;src/ISSSemantics.v:410:Refine.child_pairs_for_parent,yes,yes,no,yes,yes,yes,no,yes,Cut encoding,ISS cut-to-polyhedron encoding and semantic equivalence,Keep ISS-specific encoding and induction here; reuse low-level dot-product facts.,P1 local cleanup,low,Direct qualified repository use; preserve name and type.
Definition,Public,children_for_parent,ISSRefinement.children_for_parent,ISSRefinement,,,117,123,7,,,,0,0,1,child_pairs_for_parent,7,domain_partition_refinement;domain_partition_refinement_intro;parent_partition_properties;stmt_domain_cut_relation_all_subset;stmt_domain_cut_relation_cover;stmt_domain_cut_relation_disjoint;stmt_parent_payload_relation_children_payload,6,src/ISSSemantics.v:270:Refine.children_for_parent;src/ISSSemantics.v:340:Refine.children_for_parent;src/ISSSemantics.v:344:Refine.children_for_parent;src/ISSSemantics.v:403:Refine.children_for_parent;src/ISSSemantics.v:410:Refine.children_for_parent;src/ISSSemantics.v:504:Refine.children_for_parent,yes,yes,no,no,yes,yes,no,no,Cut encoding,ISS cut-to-polyhedron encoding and semantic equivalence,Keep ISS-specific encoding and induction here; reuse low-level dot-product facts.,P1 local cleanup,low,Direct qualified repository use; preserve name and type.
Definition,Public,point_in_pinstr_domain,ISSRefinement.point_in_pinstr_domain,ISSRefinement,,,124,128,5,,,,0,0,0,,6,domains_all_subset;domains_cover;domains_pairwise_disjoint;stmt_domain_cut_relation_all_subset;stmt_domain_cut_relation_cover;stmt_domain_matches_cuts_in_domain_iff,7,src/ISSSemantics.v:187:Refine.point_in_pinstr_domain;src/ISSSemantics.v:214:Refine.point_in_pinstr_domain;src/ISSSemantics.v:253:Refine.point_in_pinstr_domain;src/ISSSemantics.v:254:Refine.point_in_pinstr_domain;src/ISSSemantics.v:365:Refine.point_in_pinstr_domain;src/ISSSemantics.v:383:Refine.point_in_pinstr_domain;src/ISSSemantics.v:524:Refine.point_in_pinstr_domain,yes,yes,no,no,yes,yes,no,no,Cut encoding,ISS cut-to-polyhedron encoding and semantic equivalence,Keep ISS-specific encoding and induction here; reuse low-level dot-product facts.,P1 local cleanup,low,Direct qualified repository use; preserve name and type.
Definition,Public,point_satisfies_iss_cut,ISSRefinement.point_satisfies_iss_cut,ISSRefinement,,,129,138,10,,,,0,0,0,,9,iss_piece_constraints_correct;iss_sign_for_point_satisfies;iss_signed_cut_constraint_correct;iss_signs_for_point_satisfy;point_satisfies_iss_cut_functional;point_satisfies_iss_cuts_functional;stmt_domain_cut_relation_cover;stmt_domain_cut_relation_disjoint;stmt_domain_matches_cuts_in_domain_iff,1,src/ISSCutSemantics.v:547:Refine.point_satisfies_iss_cut,yes,yes,no,no,yes,yes,no,no,Cut encoding,ISS cut-to-polyhedron encoding and semantic equivalence,Keep ISS-specific encoding and induction here; reuse low-level dot-product facts.,P1 local cleanup,low,Direct qualified repository use; preserve name and type.
Definition,Public,iss_signed_cut_constraint,ISSRefinement.iss_signed_cut_constraint,ISSRefinement,,,139,147,9,,,,0,0,0,,2,iss_piece_constraints;iss_signed_cut_constraint_correct,0,,no,yes,no,yes,no,yes,no,yes,Cut encoding,ISS cut-to-polyhedron encoding and semantic equivalence,Keep ISS-specific encoding and induction here; reuse low-level dot-product facts.,P1 local cleanup,low,Transitively used by an external root; preserve name and type.
Fixpoint,Public,iss_piece_constraints,ISSRefinement.iss_piece_constraints,ISSRefinement,,,148,160,13,,,,0,0,1,iss_signed_cut_constraint,3,iss_piece_constraints_correct;stmt_domain_matches_cuts;stmt_domain_matches_cuts_in_domain_iff,3,src/ISSBoolChecker.v:204:Refine.iss_piece_constraints;src/ISSBoolChecker.v:221:Refine.iss_piece_constraints;src/ISSCutSemantics.v:515:Refine.iss_piece_constraints,yes,yes,yes,yes,yes,yes,no,yes,Cut encoding,ISS cut-to-polyhedron encoding and semantic equivalence,Keep ISS-specific encoding and induction here; reuse low-level dot-product facts.,P1 local cleanup,low,Direct qualified repository use; preserve name and type.
Lemma,Public,iss_cut_lt0_constraint_arith,ISSRefinement.iss_cut_lt0_constraint_arith,ISSRefinement,,,161,170,11,165,170,Qed,6,4,0,,1,iss_signed_cut_constraint_correct,0,,no,yes,no,no,no,yes,no,no,Cut encoding,ISS cut-to-polyhedron encoding and semantic equivalence,Keep ISS-specific encoding and induction here; reuse low-level dot-product facts.,P1 local cleanup,low,Transitively used by an external root; preserve name and type.
Lemma,Public,iss_cut_ge0_constraint_arith,ISSRefinement.iss_cut_ge0_constraint_arith,ISSRefinement,,,172,181,11,176,181,Qed,6,4,0,,1,iss_signed_cut_constraint_correct,0,,no,yes,no,no,no,yes,no,no,Cut encoding,ISS cut-to-polyhedron encoding and semantic equivalence,Keep ISS-specific encoding and induction here; reuse low-level dot-product facts.,P1 local cleanup,low,Transitively used by an external root; preserve name and type.
Lemma,Public,dot_product_opp_right_local,ISSRefinement.dot_product_opp_right_local,ISSRefinement,,,183,191,10,186,191,Qed,6,4,0,,1,iss_signed_cut_constraint_correct,0,,no,yes,no,no,no,yes,no,no,Generic duplicate/specialization,Low-level list/linear-algebra utility,Use existing `PolyBase.dot_product_opp_r` and retain this name as a wrapper.,P0 exact reuse,low,Transitively used by an external root; preserve name and type.
Lemma,Public,iss_signed_cut_constraint_correct,ISSRefinement.iss_signed_cut_constraint_correct,ISSRefinement,,,193,209,18,197,209,Qed,13,11,5,dot_product_opp_right_local;iss_cut_ge0_constraint_arith;iss_cut_lt0_constraint_arith;iss_signed_cut_constraint;point_satisfies_iss_cut,1,iss_piece_constraints_correct,0,,no,yes,no,no,no,yes,no,no,Cut encoding,ISS cut-to-polyhedron encoding and semantic equivalence,Keep ISS-specific encoding and induction here; reuse low-level dot-product facts.,P1 local cleanup,low,Transitively used by an external root; preserve name and type.
Lemma,Public,iss_piece_constraints_correct,ISSRefinement.iss_piece_constraints_correct,ISSRefinement,,,211,244,37,216,244,Qed,29,27,3,iss_piece_constraints;iss_signed_cut_constraint_correct;point_satisfies_iss_cut,2,stmt_domain_cut_relation_cover;stmt_domain_matches_cuts_in_domain_iff,0,,no,yes,no,no,no,yes,no,no,Cut encoding,ISS cut-to-polyhedron encoding and semantic equivalence,Keep ISS-specific encoding and induction here; reuse low-level dot-product facts.,P1 local cleanup,low,Transitively used by an external root; preserve name and type.
Definition,Public,domains_all_subset,ISSRefinement.domains_all_subset,ISSRefinement,,,248,255,8,,,,0,0,1,point_in_pinstr_domain,3,parent_partition_properties;stmt_domain_cut_relation_all_subset;stmt_partition_refinement,0,,no,yes,no,no,no,yes,no,no,Partition specification,Public declarative ISS shape/refinement vocabulary,Keep definitions stable; they form the interface between checker and semantics.,retain,low,Transitively used by an external root; preserve name and type.
Definition,Public,domains_cover,ISSRefinement.domains_cover,ISSRefinement,,,256,264,9,,,,0,0,1,point_in_pinstr_domain,3,parent_partition_properties;stmt_domain_cut_relation_cover;stmt_partition_refinement,0,,no,yes,no,no,no,yes,no,no,Partition specification,Public declarative ISS shape/refinement vocabulary,Keep definitions stable; they form the interface between checker and semantics.,retain,low,Transitively used by an external root; preserve name and type.
Definition,Public,domains_pairwise_disjoint,ISSRefinement.domains_pairwise_disjoint,ISSRefinement,,,265,274,10,,,,0,0,1,point_in_pinstr_domain,4,domains_pairwise_disjoint_singleton;parent_partition_properties;stmt_domain_cut_relation_disjoint;stmt_partition_refinement,0,,no,yes,no,no,no,yes,no,no,Partition specification,Public declarative ISS shape/refinement vocabulary,Keep definitions stable; they form the interface between checker and semantics.,retain,low,Transitively used by an external root; preserve name and type.
Definition,Public,stmt_partition_refinement,ISSRefinement.stmt_partition_refinement,ISSRefinement,,,275,282,8,,,,0,0,4,domains_all_subset;domains_cover;domains_pairwise_disjoint;payload_eq_except_domain,4,domain_partition_refinement;domain_partition_refinement_from_obligations;domain_partition_refinement_intro;stmt_partition_refinement_singleton,6,src/ISSSemantics.v:239:Refine.stmt_partition_refinement;src/ISSSemantics.v:244:Refine.stmt_partition_refinement;src/ISSSemantics.v:251:Refine.stmt_partition_refinement;src/ISSSemantics.v:257:Refine.stmt_partition_refinement;src/ISSSemantics.v:268:Refine.stmt_partition_refinement;src/ISSSemantics.v:578:Refine.stmt_partition_refinement,yes,yes,no,no,yes,yes,no,no,Partition specification,Public declarative ISS shape/refinement vocabulary,Keep definitions stable; they form the interface between checker and semantics.,retain,low,Direct qualified repository use; preserve name and type.
Definition,Public,parent_witnesses_in_range,ISSRefinement.parent_witnesses_in_range,ISSRefinement,,,283,287,5,,,,0,0,0,,2,domain_partition_refinement;domain_partition_shape,3,src/ISSBoolChecker.v:89:Refine.parent_witnesses_in_range;src/ISSSemantics.v:285:Refine.parent_witnesses_in_range;src/ISSSemantics.v:290:Refine.parent_witnesses_in_range,yes,yes,yes,yes,yes,yes,no,yes,Partition specification,Public declarative ISS shape/refinement vocabulary,Keep definitions stable; they form the interface between checker and semantics.,retain,low,Direct qualified repository use; preserve name and type.
Definition,Public,stmt_payload_matches_witness,ISSRefinement.stmt_payload_matches_witness,ISSRefinement,,,288,295,8,,,,0,0,1,payload_eq_except_domain,2,stmt_parent_payload_relation;stmt_payload_matches_witness_parent,2,src/ISSBoolChecker.v:114:Refine.stmt_payload_matches_witness;src/ISSCutSemantics.v:488:Refine.stmt_payload_matches_witness,yes,yes,yes,yes,yes,yes,no,yes,Partition specification,Public declarative ISS shape/refinement vocabulary,Keep definitions stable; they form the interface between checker and semantics.,retain,low,Direct qualified repository use; preserve name and type.
Definition,Public,stmt_parent_payload_relation,ISSRefinement.stmt_parent_payload_relation,ISSRefinement,,,296,301,6,,,,0,0,1,stmt_payload_matches_witness,2,domain_partition_shape;stmt_parent_payload_relation_children_payload,1,src/ISSBoolChecker.v:140:Refine.stmt_parent_payload_relation,yes,yes,yes,yes,no,yes,no,yes,Partition specification,Public declarative ISS shape/refinement vocabulary,Keep definitions stable; they form the interface between checker and semantics.,retain,low,Direct qualified repository use; preserve name and type.
Definition,Public,domain_partition_shape,ISSRefinement.domain_partition_shape,ISSRefinement,,,302,311,10,,,,0,0,2,parent_witnesses_in_range;stmt_parent_payload_relation,6,domain_partition_complete_cut_shape_obligations;domain_partition_cut_shape;domain_partition_refinement_from_obligations;domain_partition_refinement_intro;domain_partition_shape_stmt_witnesses_length;domain_partition_shape_with_witness,4,src/ISSBoolChecker.v:459:Refine.domain_partition_shape;src/ISSCutSemantics.v:498:Refine.domain_partition_shape;src/ISSCutSemantics.v:1226:Refine.domain_partition_shape;src/ISSValidator.v:30:ISSRefine.domain_partition_shape,yes,yes,yes,yes,yes,yes,yes,yes,Partition specification,Public declarative ISS shape/refinement vocabulary,Keep definitions stable; they form the interface between checker and semantics.,retain,low,Direct qualified repository use; preserve name and type.
Definition,Public,stmt_piece_signs_wf,ISSRefinement.stmt_piece_signs_wf,ISSRefinement,,,312,316,5,,,,0,0,0,,1,stmt_piece_signs_relation,2,src/ISSBoolChecker.v:163:Refine.stmt_piece_signs_wf;src/ISSBoolChecker.v:167:Refine.stmt_piece_signs_wf,yes,yes,yes,yes,no,yes,no,yes,Partition specification,Public declarative ISS shape/refinement vocabulary,Keep definitions stable; they form the interface between checker and semantics.,retain,low,Direct qualified repository use; preserve name and type.
Definition,Public,stmt_domain_matches_cuts,ISSRefinement.stmt_domain_matches_cuts,ISSRefinement,,,317,326,10,,,,0,0,1,iss_piece_constraints,5,stmt_domain_cut_relation;stmt_domain_cut_relation_all_subset;stmt_domain_cut_relation_cover;stmt_domain_cut_relation_disjoint;stmt_domain_matches_cuts_in_domain_iff,2,src/ISSBoolChecker.v:215:Refine.stmt_domain_matches_cuts;src/ISSCutSemantics.v:466:Refine.stmt_domain_matches_cuts,yes,yes,yes,yes,yes,yes,no,yes,Partition specification,Public declarative ISS shape/refinement vocabulary,Keep definitions stable; they form the interface between checker and semantics.,retain,low,Direct qualified repository use; preserve name and type.
Definition,Public,stmt_piece_signs_relation,ISSRefinement.stmt_piece_signs_relation,ISSRefinement,,,327,331,5,,,,0,0,1,stmt_piece_signs_wf,1,domain_partition_cut_shape,1,src/ISSBoolChecker.v:185:Refine.stmt_piece_signs_relation,yes,yes,yes,yes,no,yes,no,yes,Partition specification,Public declarative ISS shape/refinement vocabulary,Keep definitions stable; they form the interface between checker and semantics.,retain,low,Direct qualified repository use; preserve name and type.
Definition,Public,stmt_domain_cut_relation,ISSRefinement.stmt_domain_cut_relation,ISSRefinement,,,332,338,7,,,,0,0,1,stmt_domain_matches_cuts,4,domain_partition_cut_shape;stmt_domain_cut_relation_all_subset;stmt_domain_cut_relation_cover;stmt_domain_cut_relation_disjoint,1,src/ISSBoolChecker.v:245:Refine.stmt_domain_cut_relation,yes,yes,yes,yes,no,yes,no,yes,Partition specification,Public declarative ISS shape/refinement vocabulary,Keep definitions stable; they form the interface between checker and semantics.,retain,low,Direct qualified repository use; preserve name and type.
Definition,Public,domain_partition_cut_shape,ISSRefinement.domain_partition_cut_shape,ISSRefinement,,,339,348,10,,,,0,0,3,domain_partition_shape;stmt_domain_cut_relation;stmt_piece_signs_relation,2,domain_partition_complete_cut_shape;domain_partition_cut_shape_implies_shape,5,src/ISSBoolChecker.v:489:Refine.domain_partition_cut_shape;src/ISSBoolChecker.v:495:Refine.domain_partition_cut_shape;src/ISSCutSemantics.v:474:Refine.domain_partition_cut_shape;src/ISSCutSemantics.v:495:Refine.domain_partition_cut_shape;src/ISSValidator.v:36:ISSRefine.domain_partition_cut_shape,yes,yes,yes,yes,yes,yes,yes,yes,Partition specification,Public declarative ISS shape/refinement vocabulary,Keep definitions stable; they form the interface between checker and semantics.,retain,low,Direct qualified repository use; preserve name and type.
Definition,Public,domain_partition_refinement,ISSRefinement.domain_partition_refinement,ISSRefinement,,,349,363,15,,,,0,0,3,children_for_parent;parent_witnesses_in_range;stmt_partition_refinement,2,domain_partition_refinement_intro;domain_partition_refinement_with_witness,5,src/ISSCutSemantics.v:976:Refine.domain_partition_refinement;src/ISSSemantics.v:264:Refine.domain_partition_refinement;src/ISSSemantics.v:276:Refine.domain_partition_refinement;src/ISSSemantics.v:450:Refine.domain_partition_refinement;src/ISSSemantics.v:553:Refine.domain_partition_refinement,yes,yes,no,no,yes,yes,no,no,Partition specification,Public declarative ISS shape/refinement vocabulary,Keep definitions stable; they form the interface between checker and semantics.,retain,low,Direct qualified repository use; preserve name and type.
Definition,Public,domain_partition_shape_with_witness,ISSRefinement.domain_partition_shape_with_witness,ISSRefinement,,,364,368,5,,,,0,0,1,domain_partition_shape,5,domain_partition_complete_cut_shape_obligations;domain_partition_cut_shape_implies_shape;domain_partition_refinement_from_obligations;domain_partition_refinement_obligations;domain_partition_shape_stmt_witnesses_length,4,src/ISSBoolChecker.v:452:Refine.domain_partition_shape_with_witness;src/ISSBoolChecker.v:458:Refine.domain_partition_shape_with_witness;src/ISSCutSemantics.v:1225:Refine.domain_partition_shape_with_witness;src/ISSValidator.v:33:ISSRefine.domain_partition_shape_with_witness,yes,yes,yes,yes,yes,yes,yes,yes,Partition specification,Public declarative ISS shape/refinement vocabulary,Keep definitions stable; they form the interface between checker and semantics.,retain,low,Direct qualified repository use; preserve name and type.
Definition,Public,domain_partition_refinement_with_witness,ISSRefinement.domain_partition_refinement_with_witness,ISSRefinement,,,369,375,7,,,,0,0,1,domain_partition_refinement,2,domain_partition_refinement_from_complete_cut_shape;domain_partition_refinement_from_obligations,0,,no,yes,no,no,no,yes,no,no,Partition specification,Public declarative ISS shape/refinement vocabulary,Keep definitions stable; they form the interface between checker and semantics.,retain,low,Transitively used by an external root; preserve name and type.
Fixpoint,Public,all_iss_sign_vectors,ISSRefinement.all_iss_sign_vectors,ISSRefinement,,,376,385,10,,,,0,0,0,,5,all_iss_sign_vectors_length;iss_signs_for_point_in_all;parent_sign_partition_complete;parent_sign_partition_complete_has_child;stmt_domain_cut_relation_cover,1,src/ISSBoolChecker.v:378:Refine.all_iss_sign_vectors,yes,yes,yes,yes,no,yes,no,yes,Complete sign partition,Complete/unique sign-vector specification and point classifier,Keep as the central declarative model of cut partitions.,retain,low,Direct qualified repository use; preserve name and type.
Definition,Public,child_signs_for_parent,ISSRefinement.child_signs_for_parent,ISSRefinement,,,386,393,8,,,,0,0,1,child_pairs_for_parent,3,parent_sign_partition_complete;parent_sign_partition_complete_has_child;stmt_domain_cut_relation_disjoint,4,src/ISSBoolChecker.v:375:Refine.child_signs_for_parent;src/ISSBoolChecker.v:387:Refine.child_signs_for_parent;src/ISSCutSemantics.v:370:Refine.child_signs_for_parent;src/ISSCutSemantics.v:385:Refine.child_signs_for_parent,yes,yes,yes,yes,yes,yes,no,yes,Complete sign partition,Complete/unique sign-vector specification and point classifier,Keep as the central declarative model of cut partitions.,retain,low,Direct qualified repository use; preserve name and type.
Definition,Public,parent_sign_partition_complete,ISSRefinement.parent_sign_partition_complete,ISSRefinement,,,394,403,10,,,,0,0,2,all_iss_sign_vectors;child_signs_for_parent,4,cut_partition_complete;parent_sign_partition_complete_has_child;stmt_domain_cut_relation_cover;stmt_domain_cut_relation_disjoint,6,src/ISSBoolChecker.v:383:Refine.parent_sign_partition_complete;src/ISSBoolChecker.v:390:Refine.parent_sign_partition_complete;src/ISSBoolChecker.v:421:Refine.parent_sign_partition_complete;src/ISSCutSemantics.v:365:Refine.parent_sign_partition_complete;src/ISSCutSemantics.v:377:Refine.parent_sign_partition_complete;src/ISSCutSemantics.v:735:Refine.parent_sign_partition_complete,yes,yes,yes,yes,yes,yes,no,yes,Complete sign partition,Complete/unique sign-vector specification and point classifier,Keep as the central declarative model of cut partitions.,retain,low,Direct qualified repository use; preserve name and type.
Definition,Public,cut_partition_complete,ISSRefinement.cut_partition_complete,ISSRefinement,,,404,413,10,,,,0,0,1,parent_sign_partition_complete,1,domain_partition_complete_cut_shape,2,src/ISSBoolChecker.v:549:Refine.cut_partition_complete;src/ISSCutSemantics.v:740:Refine.cut_partition_complete,yes,yes,yes,yes,yes,yes,no,yes,Complete sign partition,Complete/unique sign-vector specification and point classifier,Keep as the central declarative model of cut partitions.,retain,low,Direct qualified repository use; preserve name and type.
Definition,Public,domain_partition_complete_cut_shape,ISSRefinement.domain_partition_complete_cut_shape,ISSRefinement,,,414,419,6,,,,0,0,2,cut_partition_complete;domain_partition_cut_shape,2,domain_partition_complete_cut_shape_obligations;domain_partition_refinement_from_complete_cut_shape,15,src/ISSBoolChecker.v:538:Refine.domain_partition_complete_cut_shape;src/ISSCutSemantics.v:463:Refine.domain_partition_complete_cut_shape;src/ISSCutSemantics.v:472:Refine.domain_partition_complete_cut_shape;src/ISSCutSemantics.v:485:Refine.domain_partition_complete_cut_shape;src/ISSCutSemantics.v:493:Refine.domain_partition_complete_cut_shape;src/ISSCutSemantics.v:508:Refine.domain_partition_complete_cut_shape;src/ISSCutSemantics.v:579:Refine.domain_partition_complete_cut_shape;src/ISSCutSemantics.v:609:Refine.domain_partition_complete_cut_shape;src/ISSCutSemantics.v:738:Refine.domain_partition_complete_cut_shape;src/ISSCutSemantics.v:869:Refine.domain_partition_complete_cut_shape;src/ISSCutSemantics.v:1020:Refine.domain_partition_complete_cut_shape;src/ISSCutSemantics.v:1132:Refine.domain_partition_complete_cut_shape;src/ISSCutSemantics.v:1208:Refine.domain_partition_complete_cut_shape;src/ISSCutSemantics.v:1217:Refine.domain_partition_complete_cut_shape;src/ISSValidator.v:39:ISSRefine.domain_partition_complete_cut_shape,yes,yes,yes,yes,yes,yes,yes,yes,Complete sign partition,Complete/unique sign-vector specification and point classifier,Keep as the central declarative model of cut partitions.,retain,low,Direct qualified repository use; preserve name and type.
Definition,Public,iss_sign_for_point,ISSRefinement.iss_sign_for_point,ISSRefinement,,,420,427,8,,,,0,0,0,,3,iss_sign_for_point_satisfies;iss_signs_for_point;iss_signs_for_point_in_all,0,,no,yes,no,no,no,yes,no,no,Complete sign partition,Complete/unique sign-vector specification and point classifier,Keep as the central declarative model of cut partitions.,retain,low,Transitively used by an external root; preserve name and type.
Fixpoint,Public,iss_signs_for_point,ISSRefinement.iss_signs_for_point,ISSRefinement,,,428,437,10,,,,0,0,1,iss_sign_for_point,3,iss_signs_for_point_in_all;iss_signs_for_point_satisfy;stmt_domain_cut_relation_cover,6,src/ISSCutSemantics.v:517:Refine.iss_signs_for_point;src/ISSCutSemantics.v:549:Refine.iss_signs_for_point;src/ISSCutSemantics.v:587:Refine.iss_signs_for_point;src/ISSCutSemantics.v:746:Refine.iss_signs_for_point;src/ISSCutSemantics.v:764:Refine.iss_signs_for_point;src/ISSCutSemantics.v:804:Refine.iss_signs_for_point,yes,yes,no,no,yes,yes,no,no,Complete sign partition,Complete/unique sign-vector specification and point classifier,Keep as the central declarative model of cut partitions.,retain,low,Direct qualified repository use; preserve name and type.
Definition,Public,parent_partition_properties,ISSRefinement.parent_partition_properties,ISSRefinement,,,438,450,13,,,,0,0,4,children_for_parent;domains_all_subset;domains_cover;domains_pairwise_disjoint,3,domain_partition_complete_cut_shape_obligations;domain_partition_refinement_from_obligations;domain_partition_refinement_obligations,0,,no,yes,no,no,no,yes,no,no,Complete sign partition,Complete/unique sign-vector specification and point classifier,Keep as the central declarative model of cut partitions.,retain,low,Transitively used by an external root; preserve name and type.
Definition,Public,domain_partition_refinement_obligations,ISSRefinement.domain_partition_refinement_obligations,ISSRefinement,,,451,459,9,,,,0,0,2,domain_partition_shape_with_witness;parent_partition_properties,2,domain_partition_complete_cut_shape_obligations;domain_partition_refinement_from_obligations,0,,no,yes,no,no,no,yes,no,no,Complete sign partition,Complete/unique sign-vector specification and point classifier,Keep as the central declarative model of cut partitions.,retain,low,Transitively used by an external root; preserve name and type.
Lemma,Public,domain_partition_cut_shape_implies_shape,ISSRefinement.domain_partition_cut_shape_implies_shape,ISSRefinement,,,460,472,14,464,472,Qed,9,7,2,domain_partition_cut_shape;domain_partition_shape_with_witness,1,domain_partition_complete_cut_shape_obligations,2,src/ISSCutSemantics.v:651:Refine.domain_partition_cut_shape_implies_shape;src/ISSCutSemantics.v:1220:Refine.domain_partition_cut_shape_implies_shape,yes,yes,no,no,yes,yes,no,no,Sign-vector theory,"Construction, satisfaction, completeness, and functionality of point sign vectors",Keep mathematical inductions explicit; only remove unused exported lemmas after an API decision.,retain theory,medium,Direct qualified repository use; preserve name and type.
Lemma,Public,all_iss_sign_vectors_length,ISSRefinement.all_iss_sign_vectors_length,ISSRefinement,,,474,498,26,478,498,Qed,21,19,1,all_iss_sign_vectors,0,,0,,no,no,no,no,no,no,no,no,Repository-unreferenced exported utility,Compatibility/public API,No qualified repository use and no path from a public external root. Preserve unless an intentional API break is approved.,P1 dead-route review,low,Exported but repository-unreferenced; preserve unless an intentional breaking change is approved.
Lemma,Public,iss_sign_for_point_satisfies,ISSRefinement.iss_sign_for_point_satisfies,ISSRefinement,,,500,507,9,503,507,Qed,5,3,2,iss_sign_for_point;point_satisfies_iss_cut,1,iss_signs_for_point_satisfy,0,,no,yes,no,no,no,yes,no,no,Sign-vector theory,"Construction, satisfaction, completeness, and functionality of point sign vectors",Keep mathematical inductions explicit; only remove unused exported lemmas after an API decision.,retain theory,medium,Transitively used by an external root; preserve name and type.
Lemma,Public,iss_signs_for_point_satisfy,ISSRefinement.iss_signs_for_point_satisfy,ISSRefinement,,,509,520,13,513,520,Qed,8,6,3,iss_sign_for_point_satisfies;iss_signs_for_point;point_satisfies_iss_cut,1,stmt_domain_cut_relation_cover,1,src/ISSCutSemantics.v:551:Refine.iss_signs_for_point_satisfy,yes,yes,no,no,yes,yes,no,no,Sign-vector theory,"Construction, satisfaction, completeness, and functionality of point sign vectors",Keep mathematical inductions explicit; only remove unused exported lemmas after an API decision.,retain theory,medium,Direct qualified repository use; preserve name and type.
Lemma,Public,iss_signs_for_point_in_all,ISSRefinement.iss_signs_for_point_in_all,ISSRefinement,,,522,542,22,526,542,Qed,17,15,3,all_iss_sign_vectors;iss_sign_for_point;iss_signs_for_point,1,stmt_domain_cut_relation_cover,0,,no,yes,no,no,no,yes,no,no,Sign-vector theory,"Construction, satisfaction, completeness, and functionality of point sign vectors",Keep mathematical inductions explicit; only remove unused exported lemmas after an API decision.,retain theory,medium,Transitively used by an external root; preserve name and type.
Lemma,Public,point_satisfies_iss_cut_functional,ISSRefinement.point_satisfies_iss_cut_functional,ISSRefinement,,,544,553,11,549,553,Qed,5,3,1,point_satisfies_iss_cut,1,point_satisfies_iss_cuts_functional,0,,no,yes,no,no,no,yes,no,no,Sign-vector theory,"Construction, satisfaction, completeness, and functionality of point sign vectors",Keep mathematical inductions explicit; only remove unused exported lemmas after an API decision.,retain theory,medium,Transitively used by an external root; preserve name and type.
Lemma,Public,point_satisfies_iss_cuts_functional,ISSRefinement.point_satisfies_iss_cuts_functional,ISSRefinement,,,555,569,16,560,569,Qed,10,8,2,point_satisfies_iss_cut;point_satisfies_iss_cut_functional,1,stmt_domain_cut_relation_disjoint,1,src/ISSCutSemantics.v:554:Refine.point_satisfies_iss_cuts_functional,yes,yes,no,no,yes,yes,no,no,Sign-vector theory,"Construction, satisfaction, completeness, and functionality of point sign vectors",Keep mathematical inductions explicit; only remove unused exported lemmas after an API decision.,retain theory,medium,Direct qualified repository use; preserve name and type.
Lemma,Public,nth_error_map_some,ISSRefinement.nth_error_map_some,ISSRefinement,,,571,582,13,575,582,Qed,8,6,0,,1,stmt_domain_cut_relation_disjoint,2,src/ISSCutSemantics.v:345:Refine.nth_error_map_some;src/ISSCutSemantics.v:350:Refine.nth_error_map_some,yes,yes,no,no,yes,yes,no,no,Generic duplicate/specialization,Low-level list/linear-algebra utility,Use Rocq `List.map_nth_error` and retain this exported name as a wrapper.,P0 exact reuse,low,Direct qualified repository use; preserve name and type.
Lemma,Public,nth_error_map_inv,ISSRefinement.nth_error_map_inv,ISSRefinement,,,584,598,16,590,598,Qed,9,7,0,,1,stmt_domain_cut_relation_disjoint,0,,no,yes,no,no,no,yes,no,no,Generic duplicate/specialization,Low-level list/linear-algebra utility,Use existing `Misc.nth_error_map_iff` and retain this exported directional wrapper.,P0 exact reuse,low,Transitively used by an external root; preserve name and type.
Lemma,Public,NoDup_nth_error_injective,ISSRefinement.NoDup_nth_error_injective,ISSRefinement,,,600,615,17,606,615,Qed,10,8,0,,1,stmt_domain_cut_relation_disjoint,1,src/ISSCutSemantics.v:355:Refine.NoDup_nth_error_injective,yes,yes,no,no,yes,yes,no,no,Generic list utility,Misc/list infrastructure,Move the generic implementation to `Misc` if shared; keep this exported name/type as a wrapper.,P1 utility sinking,low,Direct qualified repository use; preserve name and type.
Lemma,Public,Forall2_combine_inv,ISSRefinement.Forall2_combine_inv,ISSRefinement,,,617,632,17,622,632,Qed,11,9,0,,4,stmt_domain_cut_relation_all_subset;stmt_domain_cut_relation_cover;stmt_domain_cut_relation_disjoint;stmt_parent_payload_relation_children_payload,0,,no,yes,no,no,no,yes,no,no,Generic list utility,Misc/list infrastructure,Move the generic implementation to `Misc` if shared; keep this exported name/type as a wrapper.,P1 utility sinking,low,Transitively used by an external root; preserve name and type.
Lemma,Public,Forall2_length_eq,ISSRefinement.Forall2_length_eq,ISSRefinement,,,634,641,9,638,641,Qed,4,2,0,,2,domain_partition_complete_cut_shape_obligations;domain_partition_shape_stmt_witnesses_length,0,,no,yes,no,no,no,yes,no,no,Generic duplicate/specialization,Low-level list/linear-algebra utility,Use existing `Misc.Forall2_length` and retain this name as a wrapper.,P0 exact reuse,low,Transitively used by an external root; preserve name and type.
Lemma,Public,in_poly_app_inv_local,ISSRefinement.in_poly_app_inv_local,ISSRefinement,,,643,652,11,647,652,Qed,6,4,0,,1,stmt_domain_cut_relation_all_subset,0,,no,yes,no,no,no,yes,no,no,Generic duplicate/specialization,Low-level list/linear-algebra utility,Keep a one-step wrapper around `in_poly_app` plus `andb_true_iff`; a shared PolyBase lemma could also replace the duplicate in Extractor.,P0 exact reuse,low,Transitively used by an external root; preserve name and type.
Lemma,Public,stmt_payload_matches_witness_parent,ISSRefinement.stmt_payload_matches_witness_parent,ISSRefinement,,,654,668,16,660,668,Qed,9,7,2,payload_eq_except_domain;stmt_payload_matches_witness,1,stmt_parent_payload_relation_children_payload,0,,no,yes,no,no,no,yes,no,no,Parent partition proof,"Derives payload preservation, subset, cover, and disjointness for one parent",Keep ISS theory here; factor child-pair lookup and child-domain fact packages shared by subset/cover/disjoint.,P0 child fact package,medium,Transitively used by an external root; preserve name and type.
Lemma,Public,stmt_parent_payload_relation_children_payload,ISSRefinement.stmt_parent_payload_relation_children_payload,ISSRefinement,,,670,690,22,677,690,Qed,14,12,7,Forall2_combine_inv;child_pairs_for_parent;children_for_parent;iss_pairs;payload_eq_except_domain;stmt_parent_payload_relation;stmt_payload_matches_witness_parent,1,domain_partition_refinement_from_obligations,0,,no,yes,no,no,no,yes,no,no,Parent partition proof,"Derives payload preservation, subset, cover, and disjointness for one parent",Keep ISS theory here; factor child-pair lookup and child-domain fact packages shared by subset/cover/disjoint.,P0 child fact package,medium,Transitively used by an external root; preserve name and type.
Lemma,Public,stmt_domain_matches_cuts_in_domain_iff,ISSRefinement.stmt_domain_matches_cuts_in_domain_iff,ISSRefinement,,,692,715,25,700,715,Qed,16,14,5,iss_piece_constraints;iss_piece_constraints_correct;point_in_pinstr_domain;point_satisfies_iss_cut;stmt_domain_matches_cuts,1,stmt_domain_cut_relation_disjoint,1,src/ISSCutSemantics.v:532:Refine.stmt_domain_matches_cuts_in_domain_iff,yes,yes,no,no,yes,yes,no,no,Parent partition proof,"Derives payload preservation, subset, cover, and disjointness for one parent",Keep ISS theory here; factor child-pair lookup and child-domain fact packages shared by subset/cover/disjoint.,P0 child fact package,medium,Direct qualified repository use; preserve name and type.
Lemma,Public,stmt_domain_cut_relation_all_subset,ISSRefinement.stmt_domain_cut_relation_all_subset,ISSRefinement,,,717,746,31,723,746,Qed,24,22,9,Forall2_combine_inv;child_pairs_for_parent;children_for_parent;domains_all_subset;in_poly_app_inv_local;iss_pairs;point_in_pinstr_domain;stmt_domain_cut_relation;stmt_domain_matches_cuts,1,domain_partition_complete_cut_shape_obligations,0,,no,yes,no,no,no,yes,no,no,Parent partition proof,"Derives payload preservation, subset, cover, and disjointness for one parent",Keep ISS theory here; factor child-pair lookup and child-domain fact packages shared by subset/cover/disjoint.,P0 child fact package,medium,Transitively used by an external root; preserve name and type.
Lemma,Public,parent_sign_partition_complete_has_child,ISSRefinement.parent_sign_partition_complete_has_child,ISSRefinement,,,748,764,18,755,764,Qed,10,8,4,all_iss_sign_vectors;child_pairs_for_parent;child_signs_for_parent;parent_sign_partition_complete,1,stmt_domain_cut_relation_cover,0,,no,yes,no,no,no,yes,no,no,Parent partition proof,"Derives payload preservation, subset, cover, and disjointness for one parent",Keep ISS theory here; factor child-pair lookup and child-domain fact packages shared by subset/cover/disjoint.,P0 child fact package,medium,Transitively used by an external root; preserve name and type.
Lemma,Public,stmt_domain_cut_relation_cover,ISSRefinement.stmt_domain_cut_relation_cover,ISSRefinement,,,766,820,56,773,820,Qed,48,46,14,Forall2_combine_inv;all_iss_sign_vectors;children_for_parent;domains_cover;iss_piece_constraints_correct;iss_signs_for_point;iss_signs_for_point_in_all;iss_signs_for_point_satisfy;parent_sign_partition_complete;parent_sign_partition_complete_has_child;point_in_pinstr_domain;point_satisfies_iss_cut;stmt_domain_cut_relation;stmt_domain_matches_cuts,1,domain_partition_complete_cut_shape_obligations,0,,no,yes,no,no,no,yes,no,no,Parent partition proof,"Derives payload preservation, subset, cover, and disjointness for one parent",Keep ISS theory here; factor child-pair lookup and child-domain fact packages shared by subset/cover/disjoint.,P0 child fact package,medium,Transitively used by an external root; preserve name and type.
Lemma,Public,stmt_domain_cut_relation_disjoint,ISSRefinement.stmt_domain_cut_relation_disjoint,ISSRefinement,,,822,963,143,829,963,Qed,135,133,14,Forall2_combine_inv;NoDup_nth_error_injective;child_pairs_for_parent;child_signs_for_parent;children_for_parent;domains_pairwise_disjoint;nth_error_map_inv;nth_error_map_some;parent_sign_partition_complete;point_satisfies_iss_cut;point_satisfies_iss_cuts_functional;stmt_domain_cut_relation;stmt_domain_matches_cuts;stmt_domain_matches_cuts_in_domain_iff,1,domain_partition_complete_cut_shape_obligations,0,,no,yes,no,no,no,yes,no,no,Parent partition proof,"Derives payload preservation, subset, cover, and disjointness for one parent",Keep ISS theory here; factor child-pair lookup and child-domain fact packages shared by subset/cover/disjoint.,P0 child fact package,medium,Transitively used by an external root; preserve name and type.
Lemma,Public,domain_partition_shape_stmt_witnesses_length,ISSRefinement.domain_partition_shape_stmt_witnesses_length,ISSRefinement,,,965,980,17,970,980,Qed,11,9,3,Forall2_length_eq;domain_partition_shape;domain_partition_shape_with_witness,0,,1,src/ISSCutSemantics.v:658:Refine.domain_partition_shape_stmt_witnesses_length,yes,yes,no,no,yes,yes,no,no,Whole-program refinement assembly,Assembles shape and parent partition facts into full domain partition refinement,Keep public bridge here; reuse existing length theorem and expose named projections.,P0 assembly cleanup,low,Direct qualified repository use; preserve name and type.
Lemma,Public,domain_partition_complete_cut_shape_obligations,ISSRefinement.domain_partition_complete_cut_shape_obligations,ISSRefinement,,,982,1028,48,986,1028,Qed,43,41,10,Forall2_length_eq;domain_partition_complete_cut_shape;domain_partition_cut_shape_implies_shape;domain_partition_refinement_obligations;domain_partition_shape;domain_partition_shape_with_witness;parent_partition_properties;stmt_domain_cut_relation_all_subset;stmt_domain_cut_relation_cover;stmt_domain_cut_relation_disjoint,1,domain_partition_refinement_from_complete_cut_shape,0,,no,yes,no,no,no,yes,no,no,Whole-program refinement assembly,Assembles shape and parent partition facts into full domain partition refinement,Keep public bridge here; reuse existing length theorem and expose named projections.,P0 assembly cleanup,low,Transitively used by an external root; preserve name and type.
Lemma,Public,domain_partition_refinement_intro,ISSRefinement.domain_partition_refinement_intro,ISSRefinement,,,1030,1057,29,1042,1057,Qed,16,14,4,children_for_parent;domain_partition_refinement;domain_partition_shape;stmt_partition_refinement,1,domain_partition_refinement_from_obligations,0,,no,yes,no,no,no,yes,no,no,Whole-program refinement assembly,Assembles shape and parent partition facts into full domain partition refinement,Keep public bridge here; reuse existing length theorem and expose named projections.,P0 assembly cleanup,low,Transitively used by an external root; preserve name and type.
Lemma,Public,domain_partition_refinement_from_obligations,ISSRefinement.domain_partition_refinement_from_obligations,ISSRefinement,,,1059,1091,34,1063,1091,Qed,29,27,8,domain_partition_refinement_intro;domain_partition_refinement_obligations;domain_partition_refinement_with_witness;domain_partition_shape;domain_partition_shape_with_witness;parent_partition_properties;stmt_parent_payload_relation_children_payload;stmt_partition_refinement,1,domain_partition_refinement_from_complete_cut_shape,0,,no,yes,no,no,no,yes,no,no,Whole-program refinement assembly,Assembles shape and parent partition facts into full domain partition refinement,Keep public bridge here; reuse existing length theorem and expose named projections.,P0 assembly cleanup,low,Transitively used by an external root; preserve name and type.
Lemma,Public,domain_partition_refinement_from_complete_cut_shape,ISSRefinement.domain_partition_refinement_from_complete_cut_shape,ISSRefinement,,,1093,1102,11,1097,1102,Qed,6,4,4,domain_partition_complete_cut_shape;domain_partition_complete_cut_shape_obligations;domain_partition_refinement_from_obligations;domain_partition_refinement_with_witness,0,,1,src/ISSCutSemantics.v:1057:Refine.domain_partition_refinement_from_complete_cut_shape,yes,yes,no,no,yes,yes,no,no,Whole-program refinement assembly,Assembles shape and parent partition facts into full domain partition refinement,Keep public bridge here; reuse existing length theorem and expose named projections.,P0 assembly cleanup,low,Direct qualified repository use; preserve name and type.
Lemma,Public,domains_pairwise_disjoint_singleton,ISSRefinement.domains_pairwise_disjoint_singleton,ISSRefinement,,,1104,1123,21,1107,1123,Qed,17,15,1,domains_pairwise_disjoint,1,stmt_partition_refinement_singleton,0,,no,no,no,no,no,no,no,no,Repository-unreferenced exported utility,Compatibility/public API,No qualified repository use and no path from a public external root. Preserve unless an intentional API break is approved.,P1 dead-route review,low,Exported but repository-unreferenced; preserve unless an intentional breaking change is approved.
Lemma,Public,stmt_partition_refinement_singleton,ISSRefinement.stmt_partition_refinement_singleton,ISSRefinement,,,1125,1143,21,1128,1143,Qed,16,14,3,domains_pairwise_disjoint_singleton;payload_eq_except_domain_refl;stmt_partition_refinement,0,,0,,no,no,no,no,no,no,no,no,Repository-unreferenced exported utility,Compatibility/public API,No qualified repository use and no path from a public external root. Preserve unless an intentional API break is approved.,P1 dead-route review,low,Exported but repository-unreferenced; preserve unless an intentional breaking change is approved.
