section,kind,local,name,line,end_line,span_lines,proof_group,proof_start,proof_end,proof_span_lines,proof_body_lines,proof_body_lines_unique,internal_dependency_count,internal_dependencies,internal_caller_count,internal_callers,self_ref_count,internal_nonheader_count,interstitial_ref_count,external_confirmed_count,external_confirmed_files,external_bare_candidate_count,reachable_from_confirmed_public,reference_class
Annotated loop syntax and modes,Definition,False,ident,23,23,1,ident,,,0,0,0,0,,1,t,1,3,0,5,src/PrepareCodegen.v;src/TilingBandScheduleValidator.v;src/TilingRelation.v,865,True,confirmed-external
Annotated loop syntax and modes,Definition,False,instr,24,24,1,instr,,,0,0,0,1,t,1,stmt,0,1,0,0,,74,True,internal-live
Annotated loop syntax and modes,Definition,False,mem,25,25,1,mem,,,0,0,0,1,t,5,base_loop_semantics_aux_implies_loop_semantics;base_loop_semantics_aux_list_implies_iter;iter_semantics_preserve_nonalias;loop_semantics;semantics,0,11,0,0,,580,True,internal-live
Annotated loop syntax and modes,Definition,False,expr,26,26,1,expr,,,0,0,0,0,,1,stmt,1,4,0,2,src/ParallelCodegen.v,420,True,confirmed-external
Annotated loop syntax and modes,Definition,False,test,27,27,1,test,,,0,0,0,0,,2,base_loop_semantics_preserve_nonalias_mutual;stmt,1,3,0,2,src/ParallelCodegen.v,155,True,confirmed-external
Annotated loop syntax and modes,Definition,False,InstrPoint,28,28,1,InstrPoint,,,0,0,0,0,,5,family_ordered_permutable;interleave_family;interleave_safe;par_trace;seq_trace,1,10,0,181,polygen/Loop.v;src/AffineValidator.v;src/Extractor.v;src/ISSCutSemantics.v;src/ISSSemantics.v;src/LoopJamTrace.v;src/ParallelValidator.v;src/PolyLang.v;src/PrepareCodegen.v;src/TilingRelation.v;src/TilingValidator.v,43,True,confirmed-external
Annotated loop syntax and modes,Inductive,False,loop_mode,30,33,4,loop_mode,,,0,0,0,3,ParMode;SeqMode;VecMode,4,ParMode;SeqMode;VecMode;stmt,0,1,0,0,,0,True,internal-live
Annotated loop syntax and modes,Constructor,False,SeqMode,31,33,3,loop_mode,,,0,0,0,4,ParMode;SeqMode;VecMode;loop_mode,7,ParMode;VecMode;loop_mode;of_loop_stmt;par_trace;parallelize_dim_stmt;vectorize_dim_stmt,0,6,0,1,src/ParallelCodegen.v,0,True,confirmed-external
Annotated loop syntax and modes,Constructor,False,ParMode,32,33,2,loop_mode,,,0,0,0,4,ParMode;SeqMode;VecMode;loop_mode,5,SeqMode;VecMode;loop_mode;par_trace;parallelize_dim_stmt,0,2,0,0,,0,True,internal-live
Annotated loop syntax and modes,Constructor,False,VecMode,33,33,1,loop_mode,,,0,0,0,4,ParMode;SeqMode;VecMode;loop_mode,5,ParMode;SeqMode;loop_mode;par_trace;vectorize_dim_stmt,0,2,0,0,,0,True,internal-live
Annotated loop syntax and modes,Inductive,False,stmt,35,42,8,stmt,,,0,0,0,11,Guard;Instr;Loop;SCons;SNil;Seq;expr;instr;loop_mode;stmt_list;test,26,Guard;Instr;Loop;SCons;SNil;Seq;all_origin_none_stmt;base_stmt_mutind;base_stmt_preserve_nonalias_goal;erase_of_loop_stmt_eq_rec;erase_parallelize_dim_stmt_eq_rec;erase_stmt;erase_vectorize_dim_stmt_eq_rec;has_loopb_stmt;has_vector_modeb_stmt;loop_semantics;of_loop_stmt;of_loop_stmt_all_origin_none_rec;par_trace;parallelize_dim_stmt;seq_trace;stmt_list;t;trace_safe_stmt;vector_modes_innermostb_stmt;vectorize_dim_stmt,7,30,0,8,src/ParallelCodegen.v,422,True,confirmed-external
Annotated loop syntax and modes,Constructor,False,Loop,36,42,7,stmt,,,0,0,0,12,Guard;Instr;Loop;SCons;SNil;Seq;expr;instr;loop_mode;stmt;stmt_list;test,15,Guard;Instr;SCons;SNil;Seq;all_origin_none_stmt;erase_stmt;of_loop_stmt;par_trace;parallelize_dim_stmt;seq_trace;stmt;stmt_list;trace_safe_stmt;vectorize_dim_stmt,0,20,2,1,src/ParallelCodegen.v,2346,True,confirmed-external
Annotated loop syntax and modes,Constructor,False,Instr,37,42,6,stmt,,,0,0,0,12,Guard;Instr;Loop;SCons;SNil;Seq;expr;instr;loop_mode;stmt;stmt_list;test,39,Guard;Loop;SCons;SNil;Seq;all_origin_none_stmt;base_loop_semantics_aux_implies_loop_semantics;base_loop_semantics_aux_list_implies_iter;base_loop_semantics_preserve_nonalias;base_loop_semantics_preserve_nonalias_mutual;base_stmt_preserve_nonalias_goal;base_stmts_preserve_nonalias_goal;erase_stmt;instr_point_list_semantics_app_inv;instr_point_list_semantics_nil_inv;instr_point_list_semantics_singleton_inv;instr_point_list_semantics_swap_adj;instr_point_sema_preserve_nonalias;instr_point_sema_stable_under_state_eq;interleave_safe_refines_concat;iter_semantics_preserve_nonalias;loop_semantics_refines_erased;move_back_permutable;move_front_permutable;of_loop_stmt;par_trace;par_trace_forall2_refines_erased;par_trace_refines_erased;par_trace_refines_erased_stmt;parallelize_dim_stmt;semantics_refines_erased;seq_trace;seq_trace_forall2_refines_erased;seq_trace_refines_erased;seq_trace_refines_erased_stmt;stmt;stmt_list;trace_safe_stmt;vectorize_dim_stmt,0,99,1,1,src/ParallelCodegen.v,809,True,confirmed-external
Annotated loop syntax and modes,Constructor,False,Seq,38,42,5,stmt,,,0,0,0,12,Guard;Instr;Loop;SCons;SNil;Seq;expr;instr;loop_mode;stmt;stmt_list;test,18,Guard;Instr;Loop;SCons;SNil;all_origin_none_stmt;base_stmts_preserve_nonalias_goal;erase_stmt;of_loop_stmt;par_trace;par_trace_refines_erased_stmt;parallelize_dim_stmt;seq_trace;seq_trace_refines_erased_stmt;stmt;stmt_list;trace_safe_stmt;vectorize_dim_stmt,0,15,0,3,src/ParallelCodegen.v,131,True,confirmed-external
Annotated loop syntax and modes,Constructor,False,Guard,39,42,4,stmt,,,0,0,0,12,Guard;Instr;Loop;SCons;SNil;Seq;expr;instr;loop_mode;stmt;stmt_list;test,15,Instr;Loop;SCons;SNil;Seq;all_origin_none_stmt;erase_stmt;of_loop_stmt;par_trace;parallelize_dim_stmt;seq_trace;stmt;stmt_list;trace_safe_stmt;vectorize_dim_stmt,0,14,0,1,src/ParallelCodegen.v,93,True,confirmed-external
Annotated loop syntax and modes,Inductive (mutual),False,stmt_list,40,42,3,stmt,,,0,0,0,12,Guard;Instr;Loop;SCons;SNil;Seq;expr;instr;loop_mode;stmt;stmt_list;test,24,Guard;Instr;Loop;SCons;SNil;Seq;all_origin_none_stmt;base_stmt_mutind;base_stmts_preserve_nonalias_goal;erase_of_loop_stmt_eq_rec;erase_parallelize_dim_stmt_eq_rec;erase_stmt;erase_vectorize_dim_stmt_eq_rec;has_loopb_stmt;has_vector_modeb_stmt;of_loop_stmt;of_loop_stmt_all_origin_none_rec;par_trace;parallelize_dim_stmt;seq_trace;stmt;trace_safe_stmt;vector_modes_innermostb_stmt;vectorize_dim_stmt,4,25,0,8,src/ParallelCodegen.v,69,True,confirmed-external
Annotated loop syntax and modes,Constructor,False,SNil,41,42,2,stmt,,,0,0,0,12,Guard;Instr;Loop;SCons;SNil;Seq;expr;instr;loop_mode;stmt;stmt_list;test,15,Guard;Instr;Loop;SCons;Seq;all_origin_none_stmt;erase_stmt;of_loop_stmt;par_trace;parallelize_dim_stmt;seq_trace;stmt;stmt_list;trace_safe_stmt;vectorize_dim_stmt,0,12,0,1,src/ParallelCodegen.v,85,True,confirmed-external
Annotated loop syntax and modes,Constructor,False,SCons,42,42,1,stmt,,,0,0,0,12,Guard;Instr;Loop;SCons;SNil;Seq;expr;instr;loop_mode;stmt;stmt_list;test,15,Guard;Instr;Loop;SNil;Seq;all_origin_none_stmt;erase_stmt;of_loop_stmt;par_trace;parallelize_dim_stmt;seq_trace;stmt;stmt_list;trace_safe_stmt;vectorize_dim_stmt,0,12,0,1,src/ParallelCodegen.v,97,True,confirmed-external
Annotated loop syntax and modes,Definition,False,t,44,44,1,t,,,0,0,0,2,ident;stmt,14,all_origin_none;base_loop_semantics_aux_implies_loop_semantics;base_loop_semantics_aux_list_implies_iter;erase_parallel;instr;mem;of_loop;par_trace_refines_erased_stmt;parallelize_dim;semantics;seq_trace_refines_erased_stmt;trace_safe;vector_annotations_innermostb;vectorize_dim,1,21,0,558,driver/CPolOpt.v;driver/ParallelPolOpt.v;driver/ParallelPolOptCorrect.v;driver/PolOpt.v;driver/PolOptBandTiling.v;driver/PolOptCanonicalTiling.v;driver/VerifiedParallelCompilerConfig.v;polygen/CodeGen.v;polygen/PolIRs.v;src/AffineValidator.v;src/CPolIRs.v;src/Extractor.v;src/ISSBoolChecker.v;src/ISSRefinement.v;src/JamValidator.v;src/LoopJamValidator.v;src/ParallelCodegen.v;src/ParallelValidator.v;src/PolyLang.v;src/PrepareCodegen.v;src/StrengthenDomain.v;src/TPolIRs.v;src/TilingBandDirectRuntime.v;src/TilingBandMixedSecondValidator.v;src/TilingBandPhaseScalarValidator.v;src/TilingBandScheduleValidator.v;src/TilingBoolChecker.v;src/TilingCanonicalScheduleValidator.v;src/TilingRelation.v;src/TilingValidator.v;syntax/SBandTilingOpt.v;syntax/SParallelPolOpt.v;syntax/SPolIRs.v;syntax/SPolOpt.v;syntax/SVerifiedParallelCompilerConfig.v,3800,True,confirmed-external
"Erasure, tagging, and annotation operations",Fixpoint,False,erase_stmt,46,57,12,erase_stmt,,,0,0,0,9,Guard;Instr;Loop;SCons;SNil;Seq;erase_stmt_list;stmt;stmt_list,15,erase_of_loop_stmt_eq;erase_of_loop_stmt_eq_rec;erase_parallel;erase_parallelize_dim_stmt_eq;erase_parallelize_dim_stmt_eq_rec;erase_stmt_list;erase_vectorize_dim_stmt_eq;erase_vectorize_dim_stmt_eq_rec;loop_semantics_refines_erased;par_trace_forall2_refines_erased;par_trace_refines_erased;par_trace_refines_erased_stmt;seq_trace_forall2_refines_erased;seq_trace_refines_erased;seq_trace_refines_erased_stmt,3,23,0,3,src/ParallelCodegen.v,0,True,confirmed-external
"Erasure, tagging, and annotation operations",Fixpoint (mutual),False,erase_stmt_list,53,57,5,erase_stmt,,,0,0,0,10,Guard;Instr;Loop;SCons;SNil;Seq;erase_stmt;erase_stmt_list;stmt;stmt_list,9,erase_of_loop_stmt_eq;erase_of_loop_stmt_eq_rec;erase_parallelize_dim_stmt_eq;erase_parallelize_dim_stmt_eq_rec;erase_stmt;erase_vectorize_dim_stmt_eq;erase_vectorize_dim_stmt_eq_rec;par_trace_refines_erased_stmt;seq_trace_refines_erased_stmt,2,14,0,2,src/ParallelCodegen.v,0,True,confirmed-external
"Erasure, tagging, and annotation operations",Definition,False,erase_parallel,59,61,3,erase_parallel,,,0,0,0,2,erase_stmt;t,4,erase_of_loop_eq;erase_parallelize_dim_eq;erase_vectorize_dim_eq;semantics_refines_erased,0,6,0,1,src/ParallelCodegen.v,0,True,confirmed-external
"Erasure, tagging, and annotation operations",Fixpoint,False,parallelize_dim_stmt,63,81,19,parallelize_dim_stmt,,,0,0,0,11,Guard;Instr;Loop;ParMode;SCons;SNil;Seq;SeqMode;parallelize_dim_stmts;stmt;stmt_list,4,erase_parallelize_dim_stmt_eq;erase_parallelize_dim_stmt_eq_rec;parallelize_dim;parallelize_dim_stmts,4,7,0,1,src/ParallelCodegen.v,0,True,confirmed-external
"Erasure, tagging, and annotation operations",Fixpoint (mutual),False,parallelize_dim_stmts,77,81,5,parallelize_dim_stmt,,,0,0,0,12,Guard;Instr;Loop;ParMode;SCons;SNil;Seq;SeqMode;parallelize_dim_stmt;parallelize_dim_stmts;stmt;stmt_list,3,erase_parallelize_dim_stmt_eq;erase_parallelize_dim_stmt_eq_rec;parallelize_dim_stmt,2,4,0,1,src/ParallelCodegen.v,0,True,confirmed-external
"Erasure, tagging, and annotation operations",Definition,False,parallelize_dim,83,85,3,parallelize_dim,,,0,0,0,2,parallelize_dim_stmt;t,1,erase_parallelize_dim_eq,0,1,0,4,src/ParallelCodegen.v,0,True,confirmed-external
"Erasure, tagging, and annotation operations",Fixpoint,False,vectorize_dim_stmt,87,105,19,vectorize_dim_stmt,,,0,0,0,11,Guard;Instr;Loop;SCons;SNil;Seq;SeqMode;VecMode;stmt;stmt_list;vectorize_dim_stmts,4,erase_vectorize_dim_stmt_eq;erase_vectorize_dim_stmt_eq_rec;vectorize_dim;vectorize_dim_stmts,4,7,0,1,src/ParallelCodegen.v,0,True,confirmed-external
"Erasure, tagging, and annotation operations",Fixpoint (mutual),False,vectorize_dim_stmts,101,105,5,vectorize_dim_stmt,,,0,0,0,12,Guard;Instr;Loop;SCons;SNil;Seq;SeqMode;VecMode;stmt;stmt_list;vectorize_dim_stmt;vectorize_dim_stmts,3,erase_vectorize_dim_stmt_eq;erase_vectorize_dim_stmt_eq_rec;vectorize_dim_stmt,2,4,0,1,src/ParallelCodegen.v,0,True,confirmed-external
"Erasure, tagging, and annotation operations",Definition,False,vectorize_dim,107,109,3,vectorize_dim,,,0,0,0,2,t;vectorize_dim_stmt,1,erase_vectorize_dim_eq,0,1,0,3,src/ParallelCodegen.v,0,True,confirmed-external
"Erasure, tagging, and annotation operations",Fixpoint,False,has_loopb_stmt,111,122,12,has_loopb_stmt,113,122,10,8,8,3,has_loopb_stmts;stmt;stmt_list,2,has_loopb_stmts;vector_modes_innermostb_stmt,2,3,0,0,,0,True,internal-live
"Erasure, tagging, and annotation operations",Fixpoint (mutual),False,has_loopb_stmts,112,122,11,has_loopb_stmt,113,122,10,8,0,4,has_loopb_stmt;has_loopb_stmts;stmt;stmt_list,1,has_loopb_stmt,2,2,0,0,,0,True,internal-live
"Erasure, tagging, and annotation operations",Fixpoint,False,has_vector_modeb_stmt,124,138,15,has_vector_modeb_stmt,126,138,13,11,11,3,has_vector_modeb_stmts;stmt;stmt_list,2,has_vector_modeb_stmts;vector_annotations_innermostb,4,5,0,0,,0,True,internal-live
"Erasure, tagging, and annotation operations",Fixpoint (mutual),False,has_vector_modeb_stmts,125,138,14,has_vector_modeb_stmt,126,138,13,11,0,4,has_vector_modeb_stmt;has_vector_modeb_stmts;stmt;stmt_list,1,has_vector_modeb_stmt,2,2,0,0,,0,True,internal-live
"Erasure, tagging, and annotation operations",Fixpoint,False,vector_modes_innermostb_stmt,140,154,15,vector_modes_innermostb_stmt,142,154,13,11,11,4,has_loopb_stmt;stmt;stmt_list;vector_modes_innermostb_stmts,2,vector_annotations_innermostb;vector_modes_innermostb_stmts,4,5,0,0,,0,True,internal-live
"Erasure, tagging, and annotation operations",Fixpoint (mutual),False,vector_modes_innermostb_stmts,141,154,14,vector_modes_innermostb_stmt,142,154,13,11,0,5,has_loopb_stmt;stmt;stmt_list;vector_modes_innermostb_stmt;vector_modes_innermostb_stmts,1,vector_modes_innermostb_stmt,2,2,0,0,,0,True,internal-live
"Erasure, tagging, and annotation operations",Definition,False,vector_annotations_innermostb,159,161,3,vector_annotations_innermostb,,,0,0,0,3,has_vector_modeb_stmt;t;vector_modes_innermostb_stmt,0,,0,0,0,4,src/ParallelCodegen.v,0,True,confirmed-external
"Erasure, tagging, and annotation operations",Fixpoint,False,of_loop_stmt,163,174,12,of_loop_stmt,,,0,0,0,10,Guard;Instr;Loop;SCons;SNil;Seq;SeqMode;of_loop_stmt_list;stmt;stmt_list,6,erase_of_loop_stmt_eq;erase_of_loop_stmt_eq_rec;of_loop;of_loop_stmt_all_origin_none;of_loop_stmt_all_origin_none_rec;of_loop_stmt_list,3,8,0,0,,0,False,internal-live
"Erasure, tagging, and annotation operations",Fixpoint (mutual),False,of_loop_stmt_list,170,174,5,of_loop_stmt,,,0,0,0,11,Guard;Instr;Loop;SCons;SNil;Seq;SeqMode;of_loop_stmt;of_loop_stmt_list;stmt;stmt_list,5,erase_of_loop_stmt_eq;erase_of_loop_stmt_eq_rec;of_loop_stmt;of_loop_stmt_all_origin_none;of_loop_stmt_all_origin_none_rec,2,6,0,0,,0,False,internal-live
"Erasure, tagging, and annotation operations",Definition,False,of_loop,176,178,3,of_loop,,,0,0,0,2,of_loop_stmt;t,2,erase_of_loop_eq;of_loop_all_origin_none,0,2,0,0,,0,False,internal-live
"Erasure, tagging, and annotation operations",Fixpoint,False,all_origin_none_stmt,180,191,12,all_origin_none_stmt,,,0,0,0,9,Guard;Instr;Loop;SCons;SNil;Seq;all_origin_none_stmts;stmt;stmt_list,4,all_origin_none;all_origin_none_stmts;of_loop_stmt_all_origin_none;of_loop_stmt_all_origin_none_rec,3,6,0,0,,0,False,internal-live
"Erasure, tagging, and annotation operations",Fixpoint (mutual),False,all_origin_none_stmts,187,191,5,all_origin_none_stmt,,,0,0,0,10,Guard;Instr;Loop;SCons;SNil;Seq;all_origin_none_stmt;all_origin_none_stmts;stmt;stmt_list,3,all_origin_none_stmt;of_loop_stmt_all_origin_none;of_loop_stmt_all_origin_none_rec,2,4,0,0,,0,False,internal-live
"Erasure, tagging, and annotation operations",Definition,False,all_origin_none,193,194,2,all_origin_none,,,0,0,0,2,all_origin_none_stmt;t,1,of_loop_all_origin_none,0,1,0,0,,0,False,internal-live
Sequential and parallel trace semantics,Inductive,False,seq_trace,196,220,25,seq_trace,,,0,0,0,17,Guard;Instr;InstrPoint;Loop;SCons;SNil;STGuardFalse;STGuardTrue;STInstr;STLoop;STSeqStmt;STTracesCons;STTracesNil;Seq;seq_traces;stmt;stmt_list,13,STGuardFalse;STGuardTrue;STInstr;STLoop;STSeqStmt;STTracesCons;STTracesNil;par_trace;par_trace_refines_erased_stmt;seq_trace_forall2_refines_erased;seq_trace_refines_erased;seq_trace_refines_erased_stmt;seq_traces,8,15,0,15,src/LoopJamFusion.v,33,True,confirmed-external
Sequential and parallel trace semantics,Constructor,False,STInstr,197,220,24,seq_trace,,,0,0,0,18,Guard;Instr;InstrPoint;Loop;SCons;SNil;STGuardFalse;STGuardTrue;STInstr;STLoop;STSeqStmt;STTracesCons;STTracesNil;Seq;seq_trace;seq_traces;stmt;stmt_list,8,STGuardFalse;STGuardTrue;STLoop;STSeqStmt;STTracesCons;STTracesNil;seq_trace;seq_traces,0,0,0,0,,3,True,internal-live
Sequential and parallel trace semantics,Constructor,False,STSeqStmt,199,220,22,seq_trace,,,0,0,0,18,Guard;Instr;InstrPoint;Loop;SCons;SNil;STGuardFalse;STGuardTrue;STInstr;STLoop;STSeqStmt;STTracesCons;STTracesNil;Seq;seq_trace;seq_traces;stmt;stmt_list,8,STGuardFalse;STGuardTrue;STInstr;STLoop;STTracesCons;STTracesNil;seq_trace;seq_traces,0,0,0,1,src/LoopJamFusion.v,6,True,confirmed-external
Sequential and parallel trace semantics,Constructor,False,STGuardTrue,202,220,19,seq_trace,,,0,0,0,18,Guard;Instr;InstrPoint;Loop;SCons;SNil;STGuardFalse;STGuardTrue;STInstr;STLoop;STSeqStmt;STTracesCons;STTracesNil;Seq;seq_trace;seq_traces;stmt;stmt_list,8,STGuardFalse;STInstr;STLoop;STSeqStmt;STTracesCons;STTracesNil;seq_trace;seq_traces,0,0,0,0,,3,True,internal-live
Sequential and parallel trace semantics,Constructor,False,STGuardFalse,206,220,15,seq_trace,,,0,0,0,18,Guard;Instr;InstrPoint;Loop;SCons;SNil;STGuardFalse;STGuardTrue;STInstr;STLoop;STSeqStmt;STTracesCons;STTracesNil;Seq;seq_trace;seq_traces;stmt;stmt_list,8,STGuardTrue;STInstr;STLoop;STSeqStmt;STTracesCons;STTracesNil;seq_trace;seq_traces,0,0,0,0,,3,True,internal-live
Sequential and parallel trace semantics,Constructor,False,STLoop,209,220,12,seq_trace,,,0,0,0,18,Guard;Instr;InstrPoint;Loop;SCons;SNil;STGuardFalse;STGuardTrue;STInstr;STLoop;STSeqStmt;STTracesCons;STTracesNil;Seq;seq_trace;seq_traces;stmt;stmt_list,8,STGuardFalse;STGuardTrue;STInstr;STSeqStmt;STTracesCons;STTracesNil;seq_trace;seq_traces,0,0,0,2,src/LoopJamFusion.v,5,True,confirmed-external
Sequential and parallel trace semantics,Inductive (mutual),False,seq_traces,214,220,7,seq_trace,,,0,0,0,18,Guard;Instr;InstrPoint;Loop;SCons;SNil;STGuardFalse;STGuardTrue;STInstr;STLoop;STSeqStmt;STTracesCons;STTracesNil;Seq;seq_trace;seq_traces;stmt;stmt_list,9,STGuardFalse;STGuardTrue;STInstr;STLoop;STSeqStmt;STTracesCons;STTracesNil;seq_trace;seq_trace_refines_erased_stmt,4,5,0,0,,7,True,internal-live
Sequential and parallel trace semantics,Constructor,False,STTracesNil,215,220,6,seq_trace,,,0,0,0,18,Guard;Instr;InstrPoint;Loop;SCons;SNil;STGuardFalse;STGuardTrue;STInstr;STLoop;STSeqStmt;STTracesCons;STTracesNil;Seq;seq_trace;seq_traces;stmt;stmt_list,8,STGuardFalse;STGuardTrue;STInstr;STLoop;STSeqStmt;STTracesCons;seq_trace;seq_traces,0,0,0,1,src/LoopJamFusion.v,4,True,confirmed-external
Sequential and parallel trace semantics,Constructor,False,STTracesCons,217,220,4,seq_trace,,,0,0,0,18,Guard;Instr;InstrPoint;Loop;SCons;SNil;STGuardFalse;STGuardTrue;STInstr;STLoop;STSeqStmt;STTracesCons;STTracesNil;Seq;seq_trace;seq_traces;stmt;stmt_list,8,STGuardFalse;STGuardTrue;STInstr;STLoop;STSeqStmt;STTracesNil;seq_trace;seq_traces,0,0,0,2,src/LoopJamFusion.v,5,True,confirmed-external
Sequential and parallel trace semantics,Inductive,False,interleave_family,222,230,9,interleave_family,,,0,0,0,4,IF_nil;IF_skip_nil;IF_take;InstrPoint,3,IF_nil;IF_skip_nil;IF_take,5,5,0,0,,0,False,internal-live
Sequential and parallel trace semantics,Constructor,False,IF_nil,223,230,8,interleave_family,,,0,0,0,5,IF_nil;IF_skip_nil;IF_take;InstrPoint;interleave_family,3,IF_skip_nil;IF_take;interleave_family,0,0,0,0,,0,False,internal-live
Sequential and parallel trace semantics,Constructor,False,IF_skip_nil,225,230,6,interleave_family,,,0,0,0,5,IF_nil;IF_skip_nil;IF_take;InstrPoint;interleave_family,3,IF_nil;IF_take;interleave_family,0,0,0,0,,0,False,internal-live
Sequential and parallel trace semantics,Constructor,False,IF_take,228,230,3,interleave_family,,,0,0,0,5,IF_nil;IF_skip_nil;IF_take;InstrPoint;interleave_family,3,IF_nil;IF_skip_nil;interleave_family,0,0,0,0,,0,False,internal-live
Sequential and parallel trace semantics,Definition,False,family_ordered_permutable,232,237,6,family_ordered_permutable,,,0,0,0,1,InstrPoint,0,,0,0,0,0,,0,False,zero-reference
Sequential and parallel trace semantics,Inductive,False,interleave_safe,239,248,10,interleave_safe,,,0,0,0,4,IS_nil;IS_skip_nil;IS_take;InstrPoint,6,IS_nil;IS_skip_nil;IS_take;interleave_safe_refines_concat;par_trace;par_trace_refines_erased_stmt,5,8,0,0,,0,True,internal-live
Sequential and parallel trace semantics,Constructor,False,IS_nil,240,248,9,interleave_safe,,,0,0,0,5,IS_nil;IS_skip_nil;IS_take;InstrPoint;interleave_safe,3,IS_skip_nil;IS_take;interleave_safe,0,0,0,0,,0,True,internal-live
Sequential and parallel trace semantics,Constructor,False,IS_skip_nil,242,248,7,interleave_safe,,,0,0,0,5,IS_nil;IS_skip_nil;IS_take;InstrPoint;interleave_safe,3,IS_nil;IS_take;interleave_safe,0,0,0,0,,0,True,internal-live
Sequential and parallel trace semantics,Constructor,False,IS_take,245,248,4,interleave_safe,,,0,0,0,5,IS_nil;IS_skip_nil;IS_take;InstrPoint;interleave_safe,3,IS_nil;IS_skip_nil;interleave_safe,0,0,0,0,,0,True,internal-live
Sequential and parallel trace semantics,Inductive,False,par_trace,250,284,35,par_trace,,,0,0,0,24,Guard;Instr;InstrPoint;Loop;PTGuardFalse;PTGuardTrue;PTInstr;PTLoopPar;PTLoopSeq;PTLoopVec;PTSeqStmt;PTTracesCons;PTTracesNil;ParMode;SCons;SNil;Seq;SeqMode;VecMode;interleave_safe;par_traces;seq_trace;stmt;stmt_list,14,PTGuardFalse;PTGuardTrue;PTInstr;PTLoopPar;PTLoopSeq;PTLoopVec;PTSeqStmt;PTTracesCons;PTTracesNil;loop_semantics;par_trace_forall2_refines_erased;par_trace_refines_erased;par_trace_refines_erased_stmt;par_traces,11,18,0,0,,0,True,internal-live
Sequential and parallel trace semantics,Constructor,False,PTInstr,251,284,34,par_trace,,,0,0,0,25,Guard;Instr;InstrPoint;Loop;PTGuardFalse;PTGuardTrue;PTInstr;PTLoopPar;PTLoopSeq;PTLoopVec;PTSeqStmt;PTTracesCons;PTTracesNil;ParMode;SCons;SNil;Seq;SeqMode;VecMode;interleave_safe;par_trace;par_traces;seq_trace;stmt;stmt_list,10,PTGuardFalse;PTGuardTrue;PTLoopPar;PTLoopSeq;PTLoopVec;PTSeqStmt;PTTracesCons;PTTracesNil;par_trace;par_traces,0,0,0,0,,0,True,internal-live
Sequential and parallel trace semantics,Constructor,False,PTSeqStmt,253,284,32,par_trace,,,0,0,0,25,Guard;Instr;InstrPoint;Loop;PTGuardFalse;PTGuardTrue;PTInstr;PTLoopPar;PTLoopSeq;PTLoopVec;PTSeqStmt;PTTracesCons;PTTracesNil;ParMode;SCons;SNil;Seq;SeqMode;VecMode;interleave_safe;par_trace;par_traces;seq_trace;stmt;stmt_list,10,PTGuardFalse;PTGuardTrue;PTInstr;PTLoopPar;PTLoopSeq;PTLoopVec;PTTracesCons;PTTracesNil;par_trace;par_traces,0,0,0,0,,0,True,internal-live
Sequential and parallel trace semantics,Constructor,False,PTGuardTrue,256,284,29,par_trace,,,0,0,0,25,Guard;Instr;InstrPoint;Loop;PTGuardFalse;PTGuardTrue;PTInstr;PTLoopPar;PTLoopSeq;PTLoopVec;PTSeqStmt;PTTracesCons;PTTracesNil;ParMode;SCons;SNil;Seq;SeqMode;VecMode;interleave_safe;par_trace;par_traces;seq_trace;stmt;stmt_list,10,PTGuardFalse;PTInstr;PTLoopPar;PTLoopSeq;PTLoopVec;PTSeqStmt;PTTracesCons;PTTracesNil;par_trace;par_traces,0,0,0,0,,0,True,internal-live
Sequential and parallel trace semantics,Constructor,False,PTGuardFalse,260,284,25,par_trace,,,0,0,0,25,Guard;Instr;InstrPoint;Loop;PTGuardFalse;PTGuardTrue;PTInstr;PTLoopPar;PTLoopSeq;PTLoopVec;PTSeqStmt;PTTracesCons;PTTracesNil;ParMode;SCons;SNil;Seq;SeqMode;VecMode;interleave_safe;par_trace;par_traces;seq_trace;stmt;stmt_list,10,PTGuardTrue;PTInstr;PTLoopPar;PTLoopSeq;PTLoopVec;PTSeqStmt;PTTracesCons;PTTracesNil;par_trace;par_traces,0,0,0,0,,0,True,internal-live
Sequential and parallel trace semantics,Constructor,False,PTLoopSeq,263,284,22,par_trace,,,0,0,0,25,Guard;Instr;InstrPoint;Loop;PTGuardFalse;PTGuardTrue;PTInstr;PTLoopPar;PTLoopSeq;PTLoopVec;PTSeqStmt;PTTracesCons;PTTracesNil;ParMode;SCons;SNil;Seq;SeqMode;VecMode;interleave_safe;par_trace;par_traces;seq_trace;stmt;stmt_list,10,PTGuardFalse;PTGuardTrue;PTInstr;PTLoopPar;PTLoopVec;PTSeqStmt;PTTracesCons;PTTracesNil;par_trace;par_traces,0,0,0,0,,0,True,internal-live
Sequential and parallel trace semantics,Constructor,False,PTLoopVec,268,284,17,par_trace,,,0,0,0,25,Guard;Instr;InstrPoint;Loop;PTGuardFalse;PTGuardTrue;PTInstr;PTLoopPar;PTLoopSeq;PTLoopVec;PTSeqStmt;PTTracesCons;PTTracesNil;ParMode;SCons;SNil;Seq;SeqMode;VecMode;interleave_safe;par_trace;par_traces;seq_trace;stmt;stmt_list,10,PTGuardFalse;PTGuardTrue;PTInstr;PTLoopPar;PTLoopSeq;PTSeqStmt;PTTracesCons;PTTracesNil;par_trace;par_traces,0,0,0,0,,0,True,internal-live
Sequential and parallel trace semantics,Constructor,False,PTLoopPar,273,284,12,par_trace,,,0,0,0,25,Guard;Instr;InstrPoint;Loop;PTGuardFalse;PTGuardTrue;PTInstr;PTLoopPar;PTLoopSeq;PTLoopVec;PTSeqStmt;PTTracesCons;PTTracesNil;ParMode;SCons;SNil;Seq;SeqMode;VecMode;interleave_safe;par_trace;par_traces;seq_trace;stmt;stmt_list,10,PTGuardFalse;PTGuardTrue;PTInstr;PTLoopSeq;PTLoopVec;PTSeqStmt;PTTracesCons;PTTracesNil;par_trace;par_traces,0,0,0,0,,0,True,internal-live
Sequential and parallel trace semantics,Inductive (mutual),False,par_traces,278,284,7,par_trace,,,0,0,0,25,Guard;Instr;InstrPoint;Loop;PTGuardFalse;PTGuardTrue;PTInstr;PTLoopPar;PTLoopSeq;PTLoopVec;PTSeqStmt;PTTracesCons;PTTracesNil;ParMode;SCons;SNil;Seq;SeqMode;VecMode;interleave_safe;par_trace;par_traces;seq_trace;stmt;stmt_list,11,PTGuardFalse;PTGuardTrue;PTInstr;PTLoopPar;PTLoopSeq;PTLoopVec;PTSeqStmt;PTTracesCons;PTTracesNil;par_trace;par_trace_refines_erased_stmt,4,5,0,0,,0,True,internal-live
Sequential and parallel trace semantics,Constructor,False,PTTracesNil,279,284,6,par_trace,,,0,0,0,25,Guard;Instr;InstrPoint;Loop;PTGuardFalse;PTGuardTrue;PTInstr;PTLoopPar;PTLoopSeq;PTLoopVec;PTSeqStmt;PTTracesCons;PTTracesNil;ParMode;SCons;SNil;Seq;SeqMode;VecMode;interleave_safe;par_trace;par_traces;seq_trace;stmt;stmt_list,10,PTGuardFalse;PTGuardTrue;PTInstr;PTLoopPar;PTLoopSeq;PTLoopVec;PTSeqStmt;PTTracesCons;par_trace;par_traces,0,0,0,0,,0,True,internal-live
Sequential and parallel trace semantics,Constructor,False,PTTracesCons,281,284,4,par_trace,,,0,0,0,25,Guard;Instr;InstrPoint;Loop;PTGuardFalse;PTGuardTrue;PTInstr;PTLoopPar;PTLoopSeq;PTLoopVec;PTSeqStmt;PTTracesCons;PTTracesNil;ParMode;SCons;SNil;Seq;SeqMode;VecMode;interleave_safe;par_trace;par_traces;seq_trace;stmt;stmt_list,10,PTGuardFalse;PTGuardTrue;PTInstr;PTLoopPar;PTLoopSeq;PTLoopVec;PTSeqStmt;PTTracesNil;par_trace;par_traces,0,0,0,0,,0,True,internal-live
Sequential and parallel trace semantics,Definition,False,loop_semantics,286,289,4,loop_semantics,,,0,0,0,3,mem;par_trace;stmt,15,base_loop_instance_list_implies_loop_semantics;base_loop_semantics_aux_implies_loop_semantics;base_loop_semantics_aux_list_implies_iter;base_loop_semantics_preserve_nonalias;base_loop_semantics_preserve_nonalias_mutual;base_stmt_preserve_nonalias_goal;base_stmts_preserve_nonalias_goal;loop_semantics_refines_erased;par_trace_forall2_refines_erased;par_trace_refines_erased;par_trace_refines_erased_stmt;semantics;seq_trace_forall2_refines_erased;seq_trace_refines_erased;seq_trace_refines_erased_stmt,0,24,0,5,src/ParallelCodegen.v,200,True,confirmed-external
Sequential and parallel trace semantics,Inductive,False,semantics,291,298,8,semantics,,,0,0,0,4,PLSemaIntro;loop_semantics;mem;t,2,PLSemaIntro;semantics_refines_erased,1,3,0,132,driver/ExtractedPipelineCorrect.v;driver/ParallelPolOpt.v;driver/ParallelPolOptCorrect.v;driver/PolOpt.v;driver/VerifiedParallelCompilerConfig.v;polygen/CodeGen.v;src/ParallelCodegen.v;src/PrepareCodegen.v,238,True,confirmed-external
Sequential and parallel trace semantics,Constructor,False,PLSemaIntro,292,298,7,semantics,,,0,0,0,5,PLSemaIntro;loop_semantics;mem;semantics;t,1,semantics,0,0,0,0,,0,True,internal-live
Structural erasure facts,Fixpoint,False,trace_safe_stmt,300,311,12,trace_safe_stmt,,,0,0,0,9,Guard;Instr;Loop;SCons;SNil;Seq;stmt;stmt_list;trace_safe_stmts,9,loop_semantics_refines_erased;par_trace_forall2_refines_erased;par_trace_refines_erased;par_trace_refines_erased_stmt;seq_trace_forall2_refines_erased;seq_trace_refines_erased;seq_trace_refines_erased_stmt;trace_safe;trace_safe_stmts,3,13,0,2,src/LoopJamFusion.v;src/ParallelCodegen.v,14,True,confirmed-external
Structural erasure facts,Fixpoint (mutual),False,trace_safe_stmts,307,311,5,trace_safe_stmt,,,0,0,0,10,Guard;Instr;Loop;SCons;SNil;Seq;stmt;stmt_list;trace_safe_stmt;trace_safe_stmts,3,par_trace_refines_erased_stmt;seq_trace_refines_erased_stmt;trace_safe_stmt,2,4,0,1,src/ParallelCodegen.v,4,True,confirmed-external
Structural erasure facts,Definition,False,trace_safe,313,314,2,trace_safe,,,0,0,0,2,t;trace_safe_stmt,1,semantics_refines_erased,0,1,0,20,src/ParallelCodegen.v,0,True,confirmed-external
Structural erasure facts,Fixpoint,False,erase_parallelize_dim_stmt_eq_rec,316,332,17,erase_parallelize_dim_stmt_eq_rec,322,332,11,9,9,7,erase_parallelize_dim_stmts_eq_rec;erase_stmt;erase_stmt_list;parallelize_dim_stmt;parallelize_dim_stmts;stmt;stmt_list,2,erase_parallelize_dim_stmt_eq;erase_parallelize_dim_stmts_eq_rec,3,4,0,0,,0,False,internal-live
Structural erasure facts,Fixpoint (mutual),False,erase_parallelize_dim_stmts_eq_rec,319,332,14,erase_parallelize_dim_stmt_eq_rec,322,332,11,9,0,8,erase_parallelize_dim_stmt_eq_rec;erase_parallelize_dim_stmts_eq_rec;erase_stmt;erase_stmt_list;parallelize_dim_stmt;parallelize_dim_stmts;stmt;stmt_list,2,erase_parallelize_dim_stmt_eq;erase_parallelize_dim_stmt_eq_rec,2,3,0,0,,0,False,internal-live
Structural erasure facts,Fixpoint,False,erase_vectorize_dim_stmt_eq_rec,334,350,17,erase_vectorize_dim_stmt_eq_rec,340,350,11,9,9,7,erase_stmt;erase_stmt_list;erase_vectorize_dim_stmts_eq_rec;stmt;stmt_list;vectorize_dim_stmt;vectorize_dim_stmts,2,erase_vectorize_dim_stmt_eq;erase_vectorize_dim_stmts_eq_rec,3,4,0,0,,0,False,internal-live
Structural erasure facts,Fixpoint (mutual),False,erase_vectorize_dim_stmts_eq_rec,337,350,14,erase_vectorize_dim_stmt_eq_rec,340,350,11,9,0,8,erase_stmt;erase_stmt_list;erase_vectorize_dim_stmt_eq_rec;erase_vectorize_dim_stmts_eq_rec;stmt;stmt_list;vectorize_dim_stmt;vectorize_dim_stmts,2,erase_vectorize_dim_stmt_eq;erase_vectorize_dim_stmt_eq_rec,2,3,0,0,,0,False,internal-live
Structural erasure facts,Lemma,False,erase_vectorize_dim_stmt_eq,352,363,12,erase_vectorize_dim_stmt_eq,358,363,6,4,4,7,erase_stmt;erase_stmt_list;erase_vectorize_dim_stmt_eq_rec;erase_vectorize_dim_stmts_eq;erase_vectorize_dim_stmts_eq_rec;vectorize_dim_stmt;vectorize_dim_stmts,2,erase_vectorize_dim_eq;erase_vectorize_dim_stmts_eq,0,1,0,0,,0,False,internal-live
Structural erasure facts,Lemma (mutual),False,erase_vectorize_dim_stmts_eq,355,363,9,erase_vectorize_dim_stmt_eq,358,363,6,4,0,8,erase_stmt;erase_stmt_list;erase_vectorize_dim_stmt_eq;erase_vectorize_dim_stmt_eq_rec;erase_vectorize_dim_stmts_eq;erase_vectorize_dim_stmts_eq_rec;vectorize_dim_stmt;vectorize_dim_stmts,1,erase_vectorize_dim_stmt_eq,0,0,0,0,,0,False,internal-live
Structural erasure facts,Lemma,False,erase_vectorize_dim_eq,365,372,8,erase_vectorize_dim_eq,368,372,5,3,3,3,erase_parallel;erase_vectorize_dim_stmt_eq;vectorize_dim,0,,0,0,0,0,,0,False,zero-reference
Structural erasure facts,Lemma,False,erase_parallelize_dim_stmt_eq,374,385,12,erase_parallelize_dim_stmt_eq,380,385,6,4,4,7,erase_parallelize_dim_stmt_eq_rec;erase_parallelize_dim_stmts_eq;erase_parallelize_dim_stmts_eq_rec;erase_stmt;erase_stmt_list;parallelize_dim_stmt;parallelize_dim_stmts,2,erase_parallelize_dim_eq;erase_parallelize_dim_stmts_eq,0,1,0,0,,0,False,internal-live
Structural erasure facts,Lemma (mutual),False,erase_parallelize_dim_stmts_eq,377,385,9,erase_parallelize_dim_stmt_eq,380,385,6,4,0,8,erase_parallelize_dim_stmt_eq;erase_parallelize_dim_stmt_eq_rec;erase_parallelize_dim_stmts_eq;erase_parallelize_dim_stmts_eq_rec;erase_stmt;erase_stmt_list;parallelize_dim_stmt;parallelize_dim_stmts,1,erase_parallelize_dim_stmt_eq,0,0,0,0,,0,False,internal-live
Structural erasure facts,Lemma,False,erase_parallelize_dim_eq,387,394,8,erase_parallelize_dim_eq,390,394,5,3,3,3,erase_parallel;erase_parallelize_dim_stmt_eq;parallelize_dim,0,,0,0,0,0,,0,False,zero-reference
Structural erasure facts,Fixpoint,False,erase_of_loop_stmt_eq_rec,396,411,16,erase_of_loop_stmt_eq_rec,402,411,10,8,8,7,erase_of_loop_stmt_list_eq_rec;erase_stmt;erase_stmt_list;of_loop_stmt;of_loop_stmt_list;stmt;stmt_list,2,erase_of_loop_stmt_eq;erase_of_loop_stmt_list_eq_rec,3,4,0,0,,0,False,internal-live
Structural erasure facts,Fixpoint (mutual),False,erase_of_loop_stmt_list_eq_rec,399,411,13,erase_of_loop_stmt_eq_rec,402,411,10,8,0,8,erase_of_loop_stmt_eq_rec;erase_of_loop_stmt_list_eq_rec;erase_stmt;erase_stmt_list;of_loop_stmt;of_loop_stmt_list;stmt;stmt_list,2,erase_of_loop_stmt_eq;erase_of_loop_stmt_eq_rec,2,3,0,0,,0,False,internal-live
Structural erasure facts,Lemma,False,erase_of_loop_stmt_eq,413,424,12,erase_of_loop_stmt_eq,419,424,6,4,4,7,erase_of_loop_stmt_eq_rec;erase_of_loop_stmt_list_eq;erase_of_loop_stmt_list_eq_rec;erase_stmt;erase_stmt_list;of_loop_stmt;of_loop_stmt_list,2,erase_of_loop_eq;erase_of_loop_stmt_list_eq,0,1,0,0,,0,False,internal-live
Structural erasure facts,Lemma (mutual),False,erase_of_loop_stmt_list_eq,416,424,9,erase_of_loop_stmt_eq,419,424,6,4,0,8,erase_of_loop_stmt_eq;erase_of_loop_stmt_eq_rec;erase_of_loop_stmt_list_eq;erase_of_loop_stmt_list_eq_rec;erase_stmt;erase_stmt_list;of_loop_stmt;of_loop_stmt_list,1,erase_of_loop_stmt_eq,0,0,0,0,,0,False,internal-live
Structural erasure facts,Lemma,False,erase_of_loop_eq,426,433,8,erase_of_loop_eq,429,433,5,3,3,3,erase_of_loop_stmt_eq;erase_parallel;of_loop,0,,0,0,0,0,,0,False,zero-reference
Structural erasure facts,Fixpoint,False,of_loop_stmt_all_origin_none_rec,435,452,18,of_loop_stmt_all_origin_none_rec,441,452,12,10,10,7,all_origin_none_stmt;all_origin_none_stmts;of_loop_stmt;of_loop_stmt_list;of_loop_stmt_list_all_origin_none_rec;stmt;stmt_list,2,of_loop_stmt_all_origin_none;of_loop_stmt_list_all_origin_none_rec,2,3,0,0,,0,False,internal-live
Structural erasure facts,Fixpoint (mutual),False,of_loop_stmt_list_all_origin_none_rec,438,452,15,of_loop_stmt_all_origin_none_rec,441,452,12,10,0,8,all_origin_none_stmt;all_origin_none_stmts;of_loop_stmt;of_loop_stmt_all_origin_none_rec;of_loop_stmt_list;of_loop_stmt_list_all_origin_none_rec;stmt;stmt_list,2,of_loop_stmt_all_origin_none;of_loop_stmt_all_origin_none_rec,2,3,0,0,,0,False,internal-live
Structural erasure facts,Lemma,False,of_loop_stmt_all_origin_none,454,465,12,of_loop_stmt_all_origin_none,460,465,6,4,4,7,all_origin_none_stmt;all_origin_none_stmts;of_loop_stmt;of_loop_stmt_all_origin_none_rec;of_loop_stmt_list;of_loop_stmt_list_all_origin_none;of_loop_stmt_list_all_origin_none_rec,2,of_loop_all_origin_none;of_loop_stmt_list_all_origin_none,0,1,0,0,,0,False,internal-live
Structural erasure facts,Lemma (mutual),False,of_loop_stmt_list_all_origin_none,457,465,9,of_loop_stmt_all_origin_none,460,465,6,4,0,8,all_origin_none_stmt;all_origin_none_stmts;of_loop_stmt;of_loop_stmt_all_origin_none;of_loop_stmt_all_origin_none_rec;of_loop_stmt_list;of_loop_stmt_list_all_origin_none;of_loop_stmt_list_all_origin_none_rec,1,of_loop_stmt_all_origin_none,0,0,0,0,,0,False,internal-live
Structural erasure facts,Lemma,False,of_loop_all_origin_none,467,473,7,of_loop_all_origin_none,470,473,4,2,2,3,all_origin_none;of_loop;of_loop_stmt_all_origin_none,0,,0,0,0,0,,0,False,zero-reference
Instruction-list semantic utilities,Lemma,False,instr_point_sema_stable_under_state_eq,475,486,12,instr_point_sema_stable_under_state_eq,481,486,6,4,4,1,Instr,1,instr_point_list_semantics_singleton_inv,0,1,0,0,,2,True,internal-live
Instruction-list semantic utilities,Lemma,False,instr_point_sema_preserve_nonalias,488,497,10,instr_point_sema_preserve_nonalias,493,497,5,3,3,1,Instr,3,interleave_safe_refines_concat;move_back_permutable;move_front_permutable,0,3,0,1,src/LoopJamTrace.v,3,True,confirmed-external
Instruction-list semantic utilities,Lemma,False,instr_point_list_semantics_nil_inv,499,506,8,instr_point_list_semantics_nil_inv,503,506,4,2,2,1,Instr,5,interleave_safe_refines_concat;par_trace_forall2_refines_erased;par_trace_refines_erased_stmt;seq_trace_forall2_refines_erased;seq_trace_refines_erased_stmt,0,7,0,1,src/LoopJamTrace.v,11,True,confirmed-external
Instruction-list semantic utilities,Lemma,False,instr_point_list_semantics_singleton_inv,508,518,11,instr_point_list_semantics_singleton_inv,512,518,7,5,5,2,Instr;instr_point_sema_stable_under_state_eq,2,par_trace_refines_erased_stmt;seq_trace_refines_erased_stmt,0,2,0,0,,7,True,internal-live
Instruction-list semantic utilities,Lemma,False,instr_point_list_semantics_app_inv,520,539,20,instr_point_list_semantics_app_inv,526,539,14,12,12,1,Instr,4,par_trace_forall2_refines_erased;par_trace_refines_erased_stmt;seq_trace_forall2_refines_erased;seq_trace_refines_erased_stmt,0,4,0,0,,5,True,internal-live
Base-loop semantic bridges,Lemma,False,base_loop_semantics_aux_implies_loop_semantics,541,570,30,base_loop_semantics_aux_implies_loop_semantics,545,570,26,24,24,4,Instr;loop_semantics;mem;t,1,base_loop_instance_list_implies_loop_semantics,0,1,0,0,,0,False,internal-live
Base-loop semantic bridges,Lemma,False,base_loop_semantics_aux_list_implies_iter,572,603,32,base_loop_semantics_aux_list_implies_iter,578,603,26,24,24,4,Instr;loop_semantics;mem;t,0,,0,0,0,0,,0,False,zero-reference
Base-loop semantic bridges,Lemma,False,base_loop_instance_list_implies_loop_semantics,605,613,9,base_loop_instance_list_implies_loop_semantics,609,613,5,3,3,2,base_loop_semantics_aux_implies_loop_semantics;loop_semantics,0,,0,0,0,0,,0,False,zero-reference
Sequential trace refinement,Lemma,False,seq_trace_forall2_refines_erased,615,663,49,seq_trace_forall2_refines_erased,633,663,31,29,29,7,Instr;erase_stmt;instr_point_list_semantics_app_inv;instr_point_list_semantics_nil_inv;loop_semantics;seq_trace;trace_safe_stmt,2,par_trace_refines_erased_stmt;seq_trace_refines_erased_stmt,0,2,0,0,,0,True,internal-live
Sequential trace refinement,Lemma,False,seq_trace_refines_erased_stmt,665,759,95,seq_trace_refines_erased_stmt,681,759,79,77,77,15,Instr;Seq;erase_stmt;erase_stmt_list;instr_point_list_semantics_app_inv;instr_point_list_semantics_nil_inv;instr_point_list_semantics_singleton_inv;loop_semantics;seq_trace;seq_trace_forall2_refines_erased;seq_trace_refines_erased_stmts;seq_traces;t;trace_safe_stmt;trace_safe_stmts,3,par_trace_refines_erased_stmt;seq_trace_refines_erased;seq_trace_refines_erased_stmts,1,3,0,0,,0,True,internal-live
Sequential trace refinement,Lemma (mutual),False,seq_trace_refines_erased_stmts,673,759,87,seq_trace_refines_erased_stmt,681,759,79,77,0,16,Instr;Seq;erase_stmt;erase_stmt_list;instr_point_list_semantics_app_inv;instr_point_list_semantics_nil_inv;instr_point_list_semantics_singleton_inv;loop_semantics;seq_trace;seq_trace_forall2_refines_erased;seq_trace_refines_erased_stmt;seq_trace_refines_erased_stmts;seq_traces;t;trace_safe_stmt;trace_safe_stmts,1,seq_trace_refines_erased_stmt,1,1,0,0,,0,True,internal-live
Sequential trace refinement,Lemma,False,seq_trace_refines_erased,761,771,11,seq_trace_refines_erased,769,771,3,1,1,6,Instr;erase_stmt;loop_semantics;seq_trace;seq_trace_refines_erased_stmt;trace_safe_stmt,0,,0,0,0,1,src/LoopJamFusion.v,0,True,confirmed-external
Permutation and non-alias utilities,Lemma,False,instr_point_list_semantics_swap_adj,773,802,30,instr_point_list_semantics_swap_adj,781,802,22,20,20,1,Instr,2,move_back_permutable;move_front_permutable,0,2,0,0,,2,True,internal-live
Permutation and non-alias utilities,Lemma,False,move_front_permutable,804,848,45,move_front_permutable,812,848,37,35,35,3,Instr;instr_point_list_semantics_swap_adj;instr_point_sema_preserve_nonalias,0,,0,0,0,0,,0,False,zero-reference
Permutation and non-alias utilities,Lemma,False,move_back_permutable,850,891,42,move_back_permutable,858,891,34,32,32,3,Instr;instr_point_list_semantics_swap_adj;instr_point_sema_preserve_nonalias,1,interleave_safe_refines_concat,0,1,0,1,src/LoopJamTrace.v,2,True,confirmed-external
Permutation and non-alias utilities,Lemma,False,instr_point_list_semantics_cons_inv,893,904,12,instr_point_list_semantics_cons_inv,899,904,6,4,4,0,,1,interleave_safe_refines_concat,0,1,0,1,src/LoopJamTrace.v,2,True,confirmed-external
Permutation and non-alias utilities,Lemma,False,iter_semantics_preserve_nonalias,906,922,17,iter_semantics_preserve_nonalias,916,922,7,5,5,2,Instr;mem,1,base_loop_semantics_preserve_nonalias_mutual,0,1,0,0,,0,True,internal-live
Permutation and non-alias utilities,Scheme,False,base_stmt_mutind,924,925,2,base_stmt_mutind,,,0,0,0,3,base_stmts_mutind;stmt;stmt_list,2,base_stmt_stmts_mutind;base_stmts_mutind,0,1,0,0,,0,True,internal-live
Permutation and non-alias utilities,Scheme (mutual),False,base_stmts_mutind,925,925,1,base_stmt_mutind,,,0,0,0,4,base_stmt_mutind;base_stmts_mutind;stmt;stmt_list,2,base_stmt_mutind;base_stmt_stmts_mutind,0,1,0,0,,0,True,internal-live
Permutation and non-alias utilities,Scheme,False,base_stmt_stmts_mutind,926,926,1,base_stmt_stmts_mutind,,,0,0,0,2,base_stmt_mutind;base_stmts_mutind,1,base_loop_semantics_preserve_nonalias_mutual,0,1,0,0,,0,True,internal-live
Permutation and non-alias utilities,Definition,False,base_stmt_preserve_nonalias_goal,928,932,5,base_stmt_preserve_nonalias_goal,,,0,0,0,3,Instr;loop_semantics;stmt,2,base_loop_semantics_preserve_nonalias_mutual;base_loop_semantics_preserve_nonalias_stmt,0,3,0,0,,0,True,internal-live
Permutation and non-alias utilities,Definition,False,base_stmts_preserve_nonalias_goal,934,938,5,base_stmts_preserve_nonalias_goal,,,0,0,0,4,Instr;Seq;loop_semantics;stmt_list,2,base_loop_semantics_preserve_nonalias_mutual;base_loop_semantics_preserve_nonalias_stmts,0,3,0,0,,0,True,internal-live
Permutation and non-alias utilities,Lemma,False,base_loop_semantics_preserve_nonalias_mutual,940,976,37,base_loop_semantics_preserve_nonalias_mutual,945,976,32,30,30,7,Instr;base_stmt_preserve_nonalias_goal;base_stmt_stmts_mutind;base_stmts_preserve_nonalias_goal;iter_semantics_preserve_nonalias;loop_semantics;test,2,base_loop_semantics_preserve_nonalias_stmt;base_loop_semantics_preserve_nonalias_stmts,0,2,0,0,,0,True,internal-live
Permutation and non-alias utilities,Lemma,False,base_loop_semantics_preserve_nonalias_stmt,978,983,6,base_loop_semantics_preserve_nonalias_stmt,981,983,3,1,1,2,base_loop_semantics_preserve_nonalias_mutual;base_stmt_preserve_nonalias_goal,1,base_loop_semantics_preserve_nonalias,0,1,0,0,,0,True,internal-live
Permutation and non-alias utilities,Lemma,False,base_loop_semantics_preserve_nonalias_stmts,985,990,6,base_loop_semantics_preserve_nonalias_stmts,988,990,3,1,1,2,base_loop_semantics_preserve_nonalias_mutual;base_stmts_preserve_nonalias_goal,0,,0,0,0,0,,0,False,zero-reference
Permutation and non-alias utilities,Lemma,False,base_loop_semantics_preserve_nonalias,992,1000,9,base_loop_semantics_preserve_nonalias,997,1000,4,2,2,3,Instr;base_loop_semantics_preserve_nonalias_stmt;loop_semantics,2,par_trace_forall2_refines_erased;par_trace_refines_erased_stmt,0,2,0,0,,0,True,internal-live
Parallel interleaving refinement,Lemma,False,interleave_safe_refines_concat,1002,1076,75,interleave_safe_refines_concat,1010,1076,67,65,65,6,Instr;instr_point_list_semantics_cons_inv;instr_point_list_semantics_nil_inv;instr_point_sema_preserve_nonalias;interleave_safe;move_back_permutable,1,par_trace_refines_erased_stmt,0,1,0,0,,0,True,internal-live
Parallel interleaving refinement,Lemma,False,par_trace_forall2_refines_erased,1078,1132,55,par_trace_forall2_refines_erased,1098,1132,35,33,33,8,Instr;base_loop_semantics_preserve_nonalias;erase_stmt;instr_point_list_semantics_app_inv;instr_point_list_semantics_nil_inv;loop_semantics;par_trace;trace_safe_stmt,1,par_trace_refines_erased_stmt,0,2,0,0,,0,True,internal-live
Parallel interleaving refinement,Lemma,False,par_trace_refines_erased_stmt,1134,1269,136,par_trace_refines_erased_stmt,1152,1269,118,116,116,21,Instr;Seq;base_loop_semantics_preserve_nonalias;erase_stmt;erase_stmt_list;instr_point_list_semantics_app_inv;instr_point_list_semantics_nil_inv;instr_point_list_semantics_singleton_inv;interleave_safe;interleave_safe_refines_concat;loop_semantics;par_trace;par_trace_forall2_refines_erased;par_trace_refines_erased_stmts;par_traces;seq_trace;seq_trace_forall2_refines_erased;seq_trace_refines_erased_stmt;t;trace_safe_stmt;trace_safe_stmts,2,par_trace_refines_erased;par_trace_refines_erased_stmts,1,2,0,0,,0,True,internal-live
Parallel interleaving refinement,Lemma (mutual),False,par_trace_refines_erased_stmts,1143,1269,127,par_trace_refines_erased_stmt,1152,1269,118,116,0,22,Instr;Seq;base_loop_semantics_preserve_nonalias;erase_stmt;erase_stmt_list;instr_point_list_semantics_app_inv;instr_point_list_semantics_nil_inv;instr_point_list_semantics_singleton_inv;interleave_safe;interleave_safe_refines_concat;loop_semantics;par_trace;par_trace_forall2_refines_erased;par_trace_refines_erased_stmt;par_trace_refines_erased_stmts;par_traces;seq_trace;seq_trace_forall2_refines_erased;seq_trace_refines_erased_stmt;t;trace_safe_stmt;trace_safe_stmts,1,par_trace_refines_erased_stmt,1,1,0,0,,0,True,internal-live
Top-level semantic refinement,Lemma,False,par_trace_refines_erased,1271,1282,12,par_trace_refines_erased,1280,1282,3,1,1,6,Instr;erase_stmt;loop_semantics;par_trace;par_trace_refines_erased_stmt;trace_safe_stmt,1,loop_semantics_refines_erased,0,1,0,0,,0,True,internal-live
Top-level semantic refinement,Lemma,False,loop_semantics_refines_erased,1284,1295,12,loop_semantics_refines_erased,1292,1295,4,2,2,5,Instr;erase_stmt;loop_semantics;par_trace_refines_erased;trace_safe_stmt,1,semantics_refines_erased,0,1,0,0,,0,True,internal-live
Top-level semantic refinement,Lemma,False,semantics_refines_erased,1297,1317,21,semantics_refines_erased,1304,1317,14,12,12,5,Instr;erase_parallel;loop_semantics_refines_erased;semantics;trace_safe,0,,0,0,0,8,driver/ExtractedPipelineCorrect.v;driver/VerifiedParallelCompilerConfig.v;src/ParallelCodegen.v,0,True,confirmed-external
