kind,visibility,name,qualified_name,module_path,section_path,mutual_parent,proof_group,shared_proof_owner,decl_line,decl_end_line,declaration_span_lines,proof_line,proof_end_line,proof_terminator,proof_span_lines,proof_body_nonblank_lines,internal_dependencies_count,internal_dependencies,internal_callers_count,internal_callers,qualified_external_use_count,qualified_external_uses,confirmed_external_root,reachable_from_any_external_root,route_root,reachable_from_route_root,correctness_root,reachable_from_correctness_root,config_root,reachable_from_config_root,loopjam_root,reachable_from_loopjam_root,family,responsibility,theory_complexity,duplication_or_brittleness,recommended_refactor,priority,refactor_risk,api_constraint
Fixpoint,Public,tag_expr,ParallelCodegen.tag_expr,ParallelCodegen,,,tag_expr,yes,29,40,12,,,,0,0,0,,5,erase_tag_expr_eq;map_erase_tag_expr_eq;tag_loop_stmt_at;tag_loop_stmts_at;tag_test,0,,no,yes,no,yes,no,yes,no,yes,no,no,Loop AST conversion and erasure,ParallelLoop/Loop adapter owned by code generation,Structural recursion or homomorphic evaluation preservation; low theory complexity.,Mostly direct constructor cases; no problematic automation.,Retain the public adapter. Keep mutual definitions explicit; only share small list-map facts.,retain,low,Directly or transitively used by a qualified external root; preserve name and type.
Fixpoint,Public,tag_test,ParallelCodegen.tag_test,ParallelCodegen,,,tag_test,yes,41,50,10,,,,0,0,1,tag_expr,3,erase_tag_test_eq;tag_loop_stmt_at;tag_loop_stmts_at,0,,no,yes,no,yes,no,yes,no,yes,no,no,Loop AST conversion and erasure,ParallelLoop/Loop adapter owned by code generation,Structural recursion or homomorphic evaluation preservation; low theory complexity.,Mostly direct constructor cases; no problematic automation.,Retain the public adapter. Keep mutual definitions explicit; only share small list-map facts.,retain,low,Directly or transitively used by a qualified external root; preserve name and type.
Fixpoint,Public,erase_expr,ParallelCodegen.erase_expr,ParallelCodegen,,,erase_expr,yes,51,62,12,,,,0,0,0,,7,erase_expr_eval_eq;erase_expr_list_map_eval_eq;erase_tag_expr_eq;erase_test;erase_to_loop_stmt;erase_to_loop_stmts;map_erase_tag_expr_eq,0,,no,yes,no,yes,no,yes,no,yes,no,no,Loop AST conversion and erasure,ParallelLoop/Loop adapter owned by code generation,Structural recursion or homomorphic evaluation preservation; low theory complexity.,Mostly direct constructor cases; no problematic automation.,Retain the public adapter. Keep mutual definitions explicit; only share small list-map facts.,retain,low,Directly or transitively used by a qualified external root; preserve name and type.
Fixpoint,Public,erase_test,ParallelCodegen.erase_test,ParallelCodegen,,,erase_test,yes,63,72,10,,,,0,0,1,erase_expr,4,erase_tag_test_eq;erase_test_eval_eq;erase_to_loop_stmt;erase_to_loop_stmts,0,,no,yes,no,yes,no,yes,no,yes,no,no,Loop AST conversion and erasure,ParallelLoop/Loop adapter owned by code generation,Structural recursion or homomorphic evaluation preservation; low theory complexity.,Mostly direct constructor cases; no problematic automation.,Retain the public adapter. Keep mutual definitions explicit; only share small list-map facts.,retain,low,Directly or transitively used by a qualified external root; preserve name and type.
Lemma,Public,erase_tag_expr_eq,ParallelCodegen.erase_tag_expr_eq,ParallelCodegen,,,erase_tag_expr_eq,yes,73,79,7,76,78,Qed,3,1,2,erase_expr;tag_expr,4,erase_tag_loop_stmt_at_eq;erase_tag_loop_stmts_at_eq;erase_tag_test_eq;map_erase_tag_expr_eq,0,,no,yes,no,yes,no,yes,no,yes,no,no,Loop AST conversion and erasure,ParallelLoop/Loop adapter owned by code generation,Structural recursion or homomorphic evaluation preservation; low theory complexity.,Mostly direct constructor cases; no problematic automation.,Retain the public adapter. Keep mutual definitions explicit; only share small list-map facts.,retain,low,Directly or transitively used by a qualified external root; preserve name and type.
Lemma,Public,erase_tag_test_eq,ParallelCodegen.erase_tag_test_eq,ParallelCodegen,,,erase_tag_test_eq,yes,80,86,7,83,85,Qed,3,1,3,erase_tag_expr_eq;erase_test;tag_test,2,erase_tag_loop_stmt_at_eq;erase_tag_loop_stmts_at_eq,0,,no,yes,no,yes,no,yes,no,yes,no,no,Loop AST conversion and erasure,ParallelLoop/Loop adapter owned by code generation,Structural recursion or homomorphic evaluation preservation; low theory complexity.,Mostly direct constructor cases; no problematic automation.,Retain the public adapter. Keep mutual definitions explicit; only share small list-map facts.,retain,low,Directly or transitively used by a qualified external root; preserve name and type.
Lemma,Public,map_erase_tag_expr_eq,ParallelCodegen.map_erase_tag_expr_eq,ParallelCodegen,,,map_erase_tag_expr_eq,yes,87,95,9,90,94,Qed,5,3,3,erase_expr;erase_tag_expr_eq;tag_expr,2,erase_tag_loop_stmt_at_eq;erase_tag_loop_stmts_at_eq,0,,no,yes,no,yes,no,yes,no,yes,no,no,Loop AST conversion and erasure,ParallelLoop/Loop adapter owned by code generation,Structural recursion or homomorphic evaluation preservation; low theory complexity.,Mostly direct constructor cases; no problematic automation.,Retain the public adapter. Keep mutual definitions explicit; only share small list-map facts.,retain,low,Directly or transitively used by a qualified external root; preserve name and type.
Fixpoint,Public,tag_loop_stmt_at,ParallelCodegen.tag_loop_stmt_at,ParallelCodegen,,,tag_loop_stmt_at,yes,96,108,13,98,107,Defined,10,8,3,tag_expr;tag_loop_stmts_at;tag_test,6,erase_tag_loop_stmt_at_eq;erase_tag_loop_stmts_at_eq;tag_loop;tag_loop_stmt_tagged_from_depth;tag_loop_stmts_at;tag_loop_stmts_tagged_from_depth,0,,no,yes,no,yes,no,yes,no,yes,no,no,Loop AST conversion and erasure,ParallelLoop/Loop adapter owned by code generation,Structural recursion or homomorphic evaluation preservation; low theory complexity.,Mostly direct constructor cases; no problematic automation.,Retain the public adapter. Keep mutual definitions explicit; only share small list-map facts.,retain,low,Directly or transitively used by a qualified external root; preserve name and type.
with-Fixpoint,Public,tag_loop_stmts_at,ParallelCodegen.tag_loop_stmts_at,ParallelCodegen,,tag_loop_stmt_at,tag_loop_stmt_at,no,97,108,12,98,107,Defined,10,8,3,tag_expr;tag_loop_stmt_at;tag_test,5,erase_tag_loop_stmt_at_eq;erase_tag_loop_stmts_at_eq;tag_loop_stmt_at;tag_loop_stmt_tagged_from_depth;tag_loop_stmts_tagged_from_depth,0,,no,yes,no,yes,no,yes,no,yes,no,no,Loop AST conversion and erasure,ParallelLoop/Loop adapter owned by code generation,Structural recursion or homomorphic evaluation preservation; low theory complexity.,Mostly direct constructor cases; no problematic automation.,Retain the public adapter. Keep mutual definitions explicit; only share small list-map facts.,retain,low,Directly or transitively used by a qualified external root; preserve name and type.
Definition,Public,tag_loop,ParallelCodegen.tag_loop,ParallelCodegen,,,tag_loop,yes,109,113,5,,,,0,0,1,tag_loop_stmt_at,3,erase_tag_loop_eq;tagged_prepared_codegen;tagged_prepared_codegen_raw,10,syntax/SVerifiedParallelCompilerConfig.v:127:ParallelCodegenCore.tag_loop;syntax/SParallelPolOpt.v:689:ParallelCodegenCore.tag_loop;driver/ExtractedPipelineCorrect.v:98:ParallelCodegenCore.tag_loop;driver/ExtractedPipelineCorrect.v:103:ParallelCodegenCore.tag_loop;driver/ExtractedPipelineCorrect.v:107:ParallelCodegenCore.tag_loop;driver/VerifiedParallelCompilerConfig.v:145:ParallelCodegenCore.tag_loop;driver/VerifiedParallelCompilerConfig.v:259:ParallelCodegenCore.tag_loop;driver/VerifiedParallelCompilerConfig.v:264:ParallelCodegenCore.tag_loop;driver/VerifiedParallelCompilerConfig.v:268:ParallelCodegenCore.tag_loop;driver/ParallelPolOpt.v:676:ParallelCodegenCore.tag_loop,yes,yes,yes,yes,yes,yes,yes,yes,no,no,Loop AST conversion and erasure,ParallelLoop/Loop adapter owned by code generation,Structural recursion or homomorphic evaluation preservation; low theory complexity.,Mostly direct constructor cases; no problematic automation.,Retain the public adapter. Keep mutual definitions explicit; only share small list-map facts.,retain,low,Directly or transitively used by a qualified external root; preserve name and type.
Fixpoint,Public,erase_to_loop_stmt,ParallelCodegen.erase_to_loop_stmt,ParallelCodegen,,,erase_to_loop_stmt,yes,114,126,13,116,125,Defined,10,8,3,erase_expr;erase_test;erase_to_loop_stmts,11,erase_parallelize_dim_stmt_to_loop_eq;erase_parallelize_dim_stmts_to_loop_eq;erase_stmt_sem_goal;erase_tag_loop_stmt_at_eq;erase_tag_loop_stmts_at_eq;erase_to_loop;erase_to_loop_stmt_semantics;erase_to_loop_stmt_semantics_mutual;erase_to_loop_stmts;erase_vectorize_dim_stmt_to_loop_eq;erase_vectorize_dim_stmts_to_loop_eq,0,,no,yes,no,yes,no,yes,no,yes,no,no,Loop AST conversion and erasure,ParallelLoop/Loop adapter owned by code generation,Structural recursion or homomorphic evaluation preservation; low theory complexity.,Mostly direct constructor cases; no problematic automation.,Retain the public adapter. Keep mutual definitions explicit; only share small list-map facts.,retain,low,Directly or transitively used by a qualified external root; preserve name and type.
with-Fixpoint,Public,erase_to_loop_stmts,ParallelCodegen.erase_to_loop_stmts,ParallelCodegen,,erase_to_loop_stmt,erase_to_loop_stmt,no,115,126,12,116,125,Defined,10,8,3,erase_expr;erase_test;erase_to_loop_stmt,9,erase_parallelize_dim_stmt_to_loop_eq;erase_parallelize_dim_stmts_to_loop_eq;erase_stmts_sem_goal;erase_tag_loop_stmt_at_eq;erase_tag_loop_stmts_at_eq;erase_to_loop_stmt;erase_to_loop_stmts_semantics;erase_vectorize_dim_stmt_to_loop_eq;erase_vectorize_dim_stmts_to_loop_eq,0,,no,yes,no,yes,no,yes,no,yes,no,no,Loop AST conversion and erasure,ParallelLoop/Loop adapter owned by code generation,Structural recursion or homomorphic evaluation preservation; low theory complexity.,Mostly direct constructor cases; no problematic automation.,Retain the public adapter. Keep mutual definitions explicit; only share small list-map facts.,retain,low,Directly or transitively used by a qualified external root; preserve name and type.
Definition,Public,erase_to_loop,ParallelCodegen.erase_to_loop,ParallelCodegen,,,erase_to_loop,yes,127,131,5,,,,0,0,1,erase_to_loop_stmt,13,annotated_codegen_erase_eq;annotated_codegen_many_erase_eq;annotated_codegen_many_raw_erase_eq;annotated_codegen_raw_erase_eq;erase_parallelize_certified_dims_to_loop_eq;erase_parallelize_dim_to_loop_eq;erase_tag_loop_eq;erase_to_loop_semantics;erase_vectorize_dim_to_loop_eq;tagged_prepared_codegen_erase_eq;tagged_prepared_codegen_raw_erase_eq;vector_annotated_codegen_erase_eq;vector_annotated_codegen_raw_erase_eq,0,,no,yes,no,yes,no,yes,no,yes,no,no,Loop AST conversion and erasure,ParallelLoop/Loop adapter owned by code generation,Structural recursion or homomorphic evaluation preservation; low theory complexity.,Mostly direct constructor cases; no problematic automation.,Retain the public adapter. Keep mutual definitions explicit; only share small list-map facts.,retain,low,Directly or transitively used by a qualified external root; preserve name and type.
Fixpoint,Public,tagged_from_depth_stmt,ParallelCodegen.tagged_from_depth_stmt,ParallelCodegen,,,tagged_from_depth_stmt,yes,132,144,13,134,143,Defined,10,8,1,tagged_from_depth_stmts,4,tag_loop_stmt_tagged_from_depth;tag_loop_stmts_tagged_from_depth;tagged_from_depth_stmts;tagged_from_top,0,,no,no,no,no,no,no,no,no,no,no,Origin-depth tagging contract,Bridge between validator dimensions and generated-loop depths,Simple structural invariant with potentially central integration purpose.,Repository-unreachable exported chain; validator certificate soundness is not connected to codegen correctness.,Preserve names/types. Integrate into a stronger certificate-to-execution theorem or explicitly classify as retained compatibility surface.,P0 contract audit,high,Exported but repository-unreachable; preserve name and type unless an explicit API-breaking decision is made.
with-Fixpoint,Public,tagged_from_depth_stmts,ParallelCodegen.tagged_from_depth_stmts,ParallelCodegen,,tagged_from_depth_stmt,tagged_from_depth_stmt,no,133,144,12,134,143,Defined,10,8,1,tagged_from_depth_stmt,3,tag_loop_stmt_tagged_from_depth;tag_loop_stmts_tagged_from_depth;tagged_from_depth_stmt,0,,no,no,no,no,no,no,no,no,no,no,Origin-depth tagging contract,Bridge between validator dimensions and generated-loop depths,Simple structural invariant with potentially central integration purpose.,Repository-unreachable exported chain; validator certificate soundness is not connected to codegen correctness.,Preserve names/types. Integrate into a stronger certificate-to-execution theorem or explicitly classify as retained compatibility surface.,P0 contract audit,high,Exported but repository-unreachable; preserve name and type unless an explicit API-breaking decision is made.
Definition,Public,tagged_from_top,ParallelCodegen.tagged_from_top,ParallelCodegen,,,tagged_from_top,yes,145,149,5,,,,0,0,1,tagged_from_depth_stmt,2,cmd_origin_tagged;codegen_matches_current_dims,0,,no,no,no,no,no,no,no,no,no,no,Origin-depth tagging contract,Bridge between validator dimensions and generated-loop depths,Simple structural invariant with potentially central integration purpose.,Repository-unreachable exported chain; validator certificate soundness is not connected to codegen correctness.,Preserve names/types. Integrate into a stronger certificate-to-execution theorem or explicitly classify as retained compatibility surface.,P0 contract audit,high,Exported but repository-unreachable; preserve name and type unless an explicit API-breaking decision is made.
Fixpoint,Public,tag_loop_stmt_tagged_from_depth,ParallelCodegen.tag_loop_stmt_tagged_from_depth,ParallelCodegen,,,tag_loop_stmt_tagged_from_depth,yes,150,168,19,156,167,Qed,12,10,5,tag_loop_stmt_at;tag_loop_stmts_at;tag_loop_stmts_tagged_from_depth;tagged_from_depth_stmt;tagged_from_depth_stmts,2,tag_loop_stmts_tagged_from_depth;tagged_prepared_codegen_matches,0,,no,no,no,no,no,no,no,no,no,no,Origin-depth tagging contract,Bridge between validator dimensions and generated-loop depths,Simple structural invariant with potentially central integration purpose.,Repository-unreachable exported chain; validator certificate soundness is not connected to codegen correctness.,Preserve names/types. Integrate into a stronger certificate-to-execution theorem or explicitly classify as retained compatibility surface.,P0 contract audit,high,Exported but repository-unreachable; preserve name and type unless an explicit API-breaking decision is made.
with-Fixpoint,Public,tag_loop_stmts_tagged_from_depth,ParallelCodegen.tag_loop_stmts_tagged_from_depth,ParallelCodegen,,tag_loop_stmt_tagged_from_depth,tag_loop_stmt_tagged_from_depth,no,153,168,16,156,167,Qed,12,10,5,tag_loop_stmt_at;tag_loop_stmt_tagged_from_depth;tag_loop_stmts_at;tagged_from_depth_stmt;tagged_from_depth_stmts,1,tag_loop_stmt_tagged_from_depth,0,,no,no,no,no,no,no,no,no,no,no,Origin-depth tagging contract,Bridge between validator dimensions and generated-loop depths,Simple structural invariant with potentially central integration purpose.,Repository-unreachable exported chain; validator certificate soundness is not connected to codegen correctness.,Preserve names/types. Integrate into a stronger certificate-to-execution theorem or explicitly classify as retained compatibility surface.,P0 contract audit,high,Exported but repository-unreachable; preserve name and type unless an explicit API-breaking decision is made.
Fixpoint,Public,erase_parallelize_dim_stmt_to_loop_eq,ParallelCodegen.erase_parallelize_dim_stmt_to_loop_eq,ParallelCodegen,,,erase_parallelize_dim_stmt_to_loop_eq,yes,169,186,18,175,185,Qed,11,9,3,erase_parallelize_dim_stmts_to_loop_eq;erase_to_loop_stmt;erase_to_loop_stmts,2,erase_parallelize_dim_stmts_to_loop_eq;erase_parallelize_dim_to_loop_eq,0,,no,yes,no,yes,no,yes,no,yes,no,no,Annotation erasure preservation,Prefer ParallelLoop annotation library; wrappers may remain here,Structural fact that changing SeqMode to ParMode/VecMode does not alter erased loop syntax.,"Parallel and vector mutual proofs are line-for-line duplicates, while ParallelLoop already proves analogous erasure lemmas for its own erased AST.",Add one local generic mode-change/erasure bridge or derive through ParallelLoop erasure; retain every public theorem as a one-line wrapper.,P1 deduplicate,medium,Directly or transitively used by a qualified external root; preserve name and type.
with-Fixpoint,Public,erase_parallelize_dim_stmts_to_loop_eq,ParallelCodegen.erase_parallelize_dim_stmts_to_loop_eq,ParallelCodegen,,erase_parallelize_dim_stmt_to_loop_eq,erase_parallelize_dim_stmt_to_loop_eq,no,172,186,15,175,185,Qed,11,9,3,erase_parallelize_dim_stmt_to_loop_eq;erase_to_loop_stmt;erase_to_loop_stmts,1,erase_parallelize_dim_stmt_to_loop_eq,0,,no,yes,no,yes,no,yes,no,yes,no,no,Annotation erasure preservation,Prefer ParallelLoop annotation library; wrappers may remain here,Structural fact that changing SeqMode to ParMode/VecMode does not alter erased loop syntax.,"Parallel and vector mutual proofs are line-for-line duplicates, while ParallelLoop already proves analogous erasure lemmas for its own erased AST.",Add one local generic mode-change/erasure bridge or derive through ParallelLoop erasure; retain every public theorem as a one-line wrapper.,P1 deduplicate,medium,Directly or transitively used by a qualified external root; preserve name and type.
Lemma,Public,erase_parallelize_dim_to_loop_eq,ParallelCodegen.erase_parallelize_dim_to_loop_eq,ParallelCodegen,,,erase_parallelize_dim_to_loop_eq,yes,187,195,9,190,194,Qed,5,3,2,erase_parallelize_dim_stmt_to_loop_eq;erase_to_loop,3,annotated_codegen_erase_eq;annotated_codegen_raw_erase_eq;erase_parallelize_certified_dims_to_loop_eq,0,,no,yes,no,yes,no,yes,no,yes,no,no,Annotation erasure preservation,Prefer ParallelLoop annotation library; wrappers may remain here,Structural fact that changing SeqMode to ParMode/VecMode does not alter erased loop syntax.,"Parallel and vector mutual proofs are line-for-line duplicates, while ParallelLoop already proves analogous erasure lemmas for its own erased AST.",Add one local generic mode-change/erasure bridge or derive through ParallelLoop erasure; retain every public theorem as a one-line wrapper.,P1 deduplicate,medium,Directly or transitively used by a qualified external root; preserve name and type.
Fixpoint,Public,erase_vectorize_dim_stmt_to_loop_eq,ParallelCodegen.erase_vectorize_dim_stmt_to_loop_eq,ParallelCodegen,,,erase_vectorize_dim_stmt_to_loop_eq,yes,196,213,18,202,212,Qed,11,9,3,erase_to_loop_stmt;erase_to_loop_stmts;erase_vectorize_dim_stmts_to_loop_eq,2,erase_vectorize_dim_stmts_to_loop_eq;erase_vectorize_dim_to_loop_eq,0,,no,yes,no,yes,no,no,no,no,no,no,Annotation erasure preservation,Prefer ParallelLoop annotation library; wrappers may remain here,Structural fact that changing SeqMode to ParMode/VecMode does not alter erased loop syntax.,"Parallel and vector mutual proofs are line-for-line duplicates, while ParallelLoop already proves analogous erasure lemmas for its own erased AST.",Add one local generic mode-change/erasure bridge or derive through ParallelLoop erasure; retain every public theorem as a one-line wrapper.,P1 deduplicate,medium,Directly or transitively used by a qualified external root; preserve name and type.
with-Fixpoint,Public,erase_vectorize_dim_stmts_to_loop_eq,ParallelCodegen.erase_vectorize_dim_stmts_to_loop_eq,ParallelCodegen,,erase_vectorize_dim_stmt_to_loop_eq,erase_vectorize_dim_stmt_to_loop_eq,no,199,213,15,202,212,Qed,11,9,3,erase_to_loop_stmt;erase_to_loop_stmts;erase_vectorize_dim_stmt_to_loop_eq,1,erase_vectorize_dim_stmt_to_loop_eq,0,,no,yes,no,yes,no,no,no,no,no,no,Annotation erasure preservation,Prefer ParallelLoop annotation library; wrappers may remain here,Structural fact that changing SeqMode to ParMode/VecMode does not alter erased loop syntax.,"Parallel and vector mutual proofs are line-for-line duplicates, while ParallelLoop already proves analogous erasure lemmas for its own erased AST.",Add one local generic mode-change/erasure bridge or derive through ParallelLoop erasure; retain every public theorem as a one-line wrapper.,P1 deduplicate,medium,Directly or transitively used by a qualified external root; preserve name and type.
Lemma,Public,erase_vectorize_dim_to_loop_eq,ParallelCodegen.erase_vectorize_dim_to_loop_eq,ParallelCodegen,,,erase_vectorize_dim_to_loop_eq,yes,214,222,9,217,221,Qed,5,3,2,erase_to_loop;erase_vectorize_dim_stmt_to_loop_eq,2,vector_annotated_codegen_erase_eq;vector_annotated_codegen_raw_erase_eq,0,,no,yes,no,yes,no,no,no,no,no,no,Annotation erasure preservation,Prefer ParallelLoop annotation library; wrappers may remain here,Structural fact that changing SeqMode to ParMode/VecMode does not alter erased loop syntax.,"Parallel and vector mutual proofs are line-for-line duplicates, while ParallelLoop already proves analogous erasure lemmas for its own erased AST.",Add one local generic mode-change/erasure bridge or derive through ParallelLoop erasure; retain every public theorem as a one-line wrapper.,P1 deduplicate,medium,Directly or transitively used by a qualified external root; preserve name and type.
Lemma,Public,erase_tag_loop_stmt_at_eq,ParallelCodegen.erase_tag_loop_stmt_at_eq,ParallelCodegen,,,erase_tag_loop_stmt_at_eq,yes,223,239,17,229,238,Qed,10,8,8,erase_tag_expr_eq;erase_tag_loop_stmts_at_eq;erase_tag_test_eq;erase_to_loop_stmt;erase_to_loop_stmts;map_erase_tag_expr_eq;tag_loop_stmt_at;tag_loop_stmts_at,2,erase_tag_loop_eq;erase_tag_loop_stmts_at_eq,0,,no,yes,no,yes,no,yes,no,yes,no,no,Loop AST conversion and erasure,ParallelLoop/Loop adapter owned by code generation,Structural recursion or homomorphic evaluation preservation; low theory complexity.,Mostly direct constructor cases; no problematic automation.,Retain the public adapter. Keep mutual definitions explicit; only share small list-map facts.,retain,low,Directly or transitively used by a qualified external root; preserve name and type.
with-Lemma,Public,erase_tag_loop_stmts_at_eq,ParallelCodegen.erase_tag_loop_stmts_at_eq,ParallelCodegen,,erase_tag_loop_stmt_at_eq,erase_tag_loop_stmt_at_eq,no,226,239,14,229,238,Qed,10,8,8,erase_tag_expr_eq;erase_tag_loop_stmt_at_eq;erase_tag_test_eq;erase_to_loop_stmt;erase_to_loop_stmts;map_erase_tag_expr_eq;tag_loop_stmt_at;tag_loop_stmts_at,1,erase_tag_loop_stmt_at_eq,0,,no,yes,no,yes,no,yes,no,yes,no,no,Loop AST conversion and erasure,ParallelLoop/Loop adapter owned by code generation,Structural recursion or homomorphic evaluation preservation; low theory complexity.,Mostly direct constructor cases; no problematic automation.,Retain the public adapter. Keep mutual definitions explicit; only share small list-map facts.,retain,low,Directly or transitively used by a qualified external root; preserve name and type.
Lemma,Public,erase_tag_loop_eq,ParallelCodegen.erase_tag_loop_eq,ParallelCodegen,,,erase_tag_loop_eq,yes,240,248,9,243,247,Qed,5,3,3,erase_tag_loop_stmt_at_eq;erase_to_loop;tag_loop,2,tagged_prepared_codegen_erase_eq;tagged_prepared_codegen_raw_erase_eq,2,driver/ExtractedPipelineCorrect.v:112:ParallelCodegenCore.erase_tag_loop_eq;driver/VerifiedParallelCompilerConfig.v:273:ParallelCodegenCore.erase_tag_loop_eq,yes,yes,no,yes,yes,yes,yes,yes,no,no,Loop AST conversion and erasure,ParallelLoop/Loop adapter owned by code generation,Structural recursion or homomorphic evaluation preservation; low theory complexity.,Mostly direct constructor cases; no problematic automation.,Retain the public adapter. Keep mutual definitions explicit; only share small list-map facts.,retain,low,Directly or transitively used by a qualified external root; preserve name and type.
Lemma,Public,erase_expr_eval_eq,ParallelCodegen.erase_expr_eval_eq,ParallelCodegen,,,erase_expr_eval_eq,yes,249,256,8,253,255,Qed,3,1,1,erase_expr,3,erase_expr_list_map_eval_eq;erase_test_eval_eq;erase_to_loop_stmt_semantics_mutual,0,,no,yes,no,yes,no,yes,no,yes,no,no,Loop AST conversion and erasure,ParallelLoop/Loop adapter owned by code generation,Structural recursion or homomorphic evaluation preservation; low theory complexity.,Mostly direct constructor cases; no problematic automation.,Retain the public adapter. Keep mutual definitions explicit; only share small list-map facts.,retain,low,Directly or transitively used by a qualified external root; preserve name and type.
Lemma,Public,erase_expr_list_map_eval_eq,ParallelCodegen.erase_expr_list_map_eval_eq,ParallelCodegen,,,erase_expr_list_map_eval_eq,yes,257,266,10,261,265,Qed,5,3,2,erase_expr;erase_expr_eval_eq,1,erase_to_loop_stmt_semantics_mutual,0,,no,yes,no,yes,no,yes,no,yes,no,no,Loop AST conversion and erasure,ParallelLoop/Loop adapter owned by code generation,Structural recursion or homomorphic evaluation preservation; low theory complexity.,Mostly direct constructor cases; no problematic automation.,Retain the public adapter. Keep mutual definitions explicit; only share small list-map facts.,retain,low,Directly or transitively used by a qualified external root; preserve name and type.
Lemma,Public,erase_test_eval_eq,ParallelCodegen.erase_test_eval_eq,ParallelCodegen,,,erase_test_eval_eq,yes,267,274,8,271,273,Qed,3,1,2,erase_expr_eval_eq;erase_test,1,erase_to_loop_stmt_semantics_mutual,0,,no,yes,no,yes,no,yes,no,yes,no,no,Loop AST conversion and erasure,ParallelLoop/Loop adapter owned by code generation,Structural recursion or homomorphic evaluation preservation; low theory complexity.,Mostly direct constructor cases; no problematic automation.,Retain the public adapter. Keep mutual definitions explicit; only share small list-map facts.,retain,low,Directly or transitively used by a qualified external root; preserve name and type.
Lemma,Public,iter_semantics_refine_exact,ParallelCodegen.iter_semantics_refine_exact,ParallelCodegen,,,iter_semantics_refine_exact,yes,275,293,19,281,292,Qed,12,10,0,,1,erase_to_loop_stmt_semantics_mutual,0,,no,yes,no,yes,no,yes,no,yes,no,no,Erased-loop semantic transport,Cross-functor semantic adapter; generic iteration monotonicity belongs in IterSem utility,One genuine mutual structural proof; it transports the same execution across isomorphic Loop instantiations.,Projection/scheme wrapper around the mutual semantic transport proof.,Move or duplicate-free expose the generic relation-monotonicity lemma in the IterSem utility.,P1 ownership,low,Directly or transitively used by a qualified external root; preserve name and type.
Scheme,Public,pl_stmt_mutind,ParallelCodegen.pl_stmt_mutind,ParallelCodegen,,,pl_stmt_mutind,yes,294,295,2,,,,0,0,0,,1,pl_stmt_stmts_mutind,0,,no,yes,no,yes,no,yes,no,yes,no,no,Erased-loop semantic transport,Cross-functor semantic adapter; generic iteration monotonicity belongs in IterSem utility,One genuine mutual structural proof; it transports the same execution across isomorphic Loop instantiations.,Projection/scheme wrapper around the mutual semantic transport proof.,Retain the public name/type; keep this as a thin projection or top-level semantic wrapper.,P1 ownership,low,Directly or transitively used by a qualified external root; preserve name and type.
Combined Scheme,Public,pl_stmt_stmts_mutind,ParallelCodegen.pl_stmt_stmts_mutind,ParallelCodegen,,,pl_stmt_stmts_mutind,yes,296,297,2,,,,0,0,1,pl_stmt_mutind,1,erase_to_loop_stmt_semantics_mutual,0,,no,yes,no,yes,no,yes,no,yes,no,no,Erased-loop semantic transport,Cross-functor semantic adapter; generic iteration monotonicity belongs in IterSem utility,One genuine mutual structural proof; it transports the same execution across isomorphic Loop instantiations.,Projection/scheme wrapper around the mutual semantic transport proof.,Retain the public name/type; keep this as a thin projection or top-level semantic wrapper.,P1 ownership,low,Directly or transitively used by a qualified external root; preserve name and type.
Definition,Public,erase_stmt_sem_goal,ParallelCodegen.erase_stmt_sem_goal,ParallelCodegen,,,erase_stmt_sem_goal,yes,298,302,5,,,,0,0,1,erase_to_loop_stmt,1,erase_to_loop_stmt_semantics_mutual,0,,no,yes,no,yes,no,yes,no,yes,no,no,Erased-loop semantic transport,Cross-functor semantic adapter; generic iteration monotonicity belongs in IterSem utility,One genuine mutual structural proof; it transports the same execution across isomorphic Loop instantiations.,Projection/scheme wrapper around the mutual semantic transport proof.,Retain the public name/type; keep this as a thin projection or top-level semantic wrapper.,P1 ownership,low,Directly or transitively used by a qualified external root; preserve name and type.
Definition,Public,erase_stmts_sem_goal,ParallelCodegen.erase_stmts_sem_goal,ParallelCodegen,,,erase_stmts_sem_goal,yes,303,308,6,,,,0,0,1,erase_to_loop_stmts,1,erase_to_loop_stmt_semantics_mutual,0,,no,yes,no,yes,no,yes,no,yes,no,no,Erased-loop semantic transport,Cross-functor semantic adapter; generic iteration monotonicity belongs in IterSem utility,One genuine mutual structural proof; it transports the same execution across isomorphic Loop instantiations.,Projection/scheme wrapper around the mutual semantic transport proof.,Retain the public name/type; keep this as a thin projection or top-level semantic wrapper.,P1 ownership,low,Directly or transitively used by a qualified external root; preserve name and type.
Lemma,Public,erase_to_loop_stmt_semantics_mutual,ParallelCodegen.erase_to_loop_stmt_semantics_mutual,ParallelCodegen,,,erase_to_loop_stmt_semantics_mutual,yes,309,355,47,312,354,Qed,43,41,8,erase_expr_eval_eq;erase_expr_list_map_eval_eq;erase_stmt_sem_goal;erase_stmts_sem_goal;erase_test_eval_eq;erase_to_loop_stmt;iter_semantics_refine_exact;pl_stmt_stmts_mutind,2,erase_to_loop_stmt_semantics;erase_to_loop_stmts_semantics,0,,no,yes,no,yes,no,yes,no,yes,no,no,Erased-loop semantic transport,Cross-functor semantic adapter; generic iteration monotonicity belongs in IterSem utility,One genuine mutual structural proof; it transports the same execution across isomorphic Loop instantiations.,The loop case uses a goal-shape `lazymatch` to discover the iteration hypothesis.,Name the loop-case inversion hypothesis explicitly and call a named iteration-lifting helper; avoid `lazymatch goal`.,P0 goal-shape cleanup,low,Directly or transitively used by a qualified external root; preserve name and type.
Lemma,Public,erase_to_loop_stmt_semantics,ParallelCodegen.erase_to_loop_stmt_semantics,ParallelCodegen,,,erase_to_loop_stmt_semantics,yes,356,363,8,360,362,Qed,3,1,2,erase_to_loop_stmt;erase_to_loop_stmt_semantics_mutual,1,erase_to_loop_semantics,0,,no,yes,no,yes,no,yes,no,yes,no,no,Erased-loop semantic transport,Cross-functor semantic adapter; generic iteration monotonicity belongs in IterSem utility,One genuine mutual structural proof; it transports the same execution across isomorphic Loop instantiations.,Projection/scheme wrapper around the mutual semantic transport proof.,Retain the public name/type; keep this as a thin projection or top-level semantic wrapper.,P1 ownership,low,Directly or transitively used by a qualified external root; preserve name and type.
Lemma,Public,erase_to_loop_stmts_semantics,ParallelCodegen.erase_to_loop_stmts_semantics,ParallelCodegen,,,erase_to_loop_stmts_semantics,yes,364,372,9,369,371,Qed,3,1,2,erase_to_loop_stmt_semantics_mutual;erase_to_loop_stmts,0,,0,,no,no,no,no,no,no,no,no,no,no,Erased-loop semantic transport,Cross-functor semantic adapter; generic iteration monotonicity belongs in IterSem utility,One genuine mutual structural proof; it transports the same execution across isomorphic Loop instantiations.,Projection/scheme wrapper around the mutual semantic transport proof.,Retain the public name/type; keep this as a thin projection or top-level semantic wrapper.,P1 ownership,low,Exported but repository-unreachable; preserve name and type unless an explicit API-breaking decision is made.
Lemma,Public,erase_to_loop_semantics,ParallelCodegen.erase_to_loop_semantics,ParallelCodegen,,,erase_to_loop_semantics,yes,373,386,14,377,385,Qed,9,7,2,erase_to_loop;erase_to_loop_stmt_semantics,6,annotated_codegen_many_raw_refines_prepared_codegen;annotated_codegen_many_refines_prepared_codegen;annotated_codegen_raw_refines_prepared_codegen;annotated_codegen_refines_prepared_codegen;vector_annotated_codegen_raw_refines_prepared_codegen;vector_annotated_codegen_refines_prepared_codegen,2,driver/ExtractedPipelineCorrect.v:111:ParallelCodegenCore.erase_to_loop_semantics;driver/VerifiedParallelCompilerConfig.v:272:ParallelCodegenCore.erase_to_loop_semantics,yes,yes,no,yes,yes,yes,yes,yes,no,no,Erased-loop semantic transport,Cross-functor semantic adapter; generic iteration monotonicity belongs in IterSem utility,One genuine mutual structural proof; it transports the same execution across isomorphic Loop instantiations.,Projection/scheme wrapper around the mutual semantic transport proof.,Retain the public name/type; keep this as a thin projection or top-level semantic wrapper.,P1 ownership,low,Directly or transitively used by a qualified external root; preserve name and type.
Definition,Public,tagged_prepared_codegen,ParallelCodegen.tagged_prepared_codegen,ParallelCodegen,,,tagged_prepared_codegen,yes,387,391,5,,,,0,0,1,tag_loop,5,annotated_codegen;annotated_codegen_many;tagged_prepared_codegen_erase_eq;tagged_prepared_codegen_matches;vector_annotated_codegen,0,,no,yes,no,yes,no,yes,no,yes,no,no,Prepared-codegen tagging,ParallelCodegen orchestration,Direct monadic wrapper.,Normal/raw variants differ only in the prepared-codegen function.,Optionally define a Local generic tagging combinator; retain public definitions unchanged.,P1 local factoring,low,Directly or transitively used by a qualified external root; preserve name and type.
Definition,Public,tagged_prepared_codegen_raw,ParallelCodegen.tagged_prepared_codegen_raw,ParallelCodegen,,,tagged_prepared_codegen_raw,yes,392,396,5,,,,0,0,1,tag_loop,4,annotated_codegen_many_raw;annotated_codegen_raw;tagged_prepared_codegen_raw_erase_eq;vector_annotated_codegen_raw,0,,no,yes,no,yes,no,yes,no,yes,no,no,Prepared-codegen tagging,ParallelCodegen orchestration,Direct monadic wrapper.,Normal/raw variants differ only in the prepared-codegen function.,Optionally define a Local generic tagging combinator; retain public definitions unchanged.,P1 local factoring,low,Directly or transitively used by a qualified external root; preserve name and type.
Record,Public,codegen_matches_current_dims,ParallelCodegen.codegen_matches_current_dims,ParallelCodegen,,,codegen_matches_current_dims,yes,397,402,6,,,,0,0,2,cmd_origin_tagged;tagged_from_top,1,tagged_prepared_codegen_matches,0,,no,no,no,no,no,no,no,no,no,no,Origin-depth tagging contract,Bridge between validator dimensions and generated-loop depths,Simple structural invariant with potentially central integration purpose.,Repository-unreachable exported chain; validator certificate soundness is not connected to codegen correctness.,Preserve names/types. Integrate into a stronger certificate-to-execution theorem or explicitly classify as retained compatibility surface.,P0 contract audit,high,Exported but repository-unreachable; preserve name and type unless an explicit API-breaking decision is made.
RecordField,Public,cmd_origin_tagged,ParallelCodegen.cmd_origin_tagged,ParallelCodegen,,codegen_matches_current_dims,cmd_origin_tagged,yes,399,402,4,,,,0,0,1,tagged_from_top,1,codegen_matches_current_dims,0,,no,no,no,no,no,no,no,no,no,no,Origin-depth tagging contract,Bridge between validator dimensions and generated-loop depths,Simple structural invariant with potentially central integration purpose.,Repository-unreachable exported chain; validator certificate soundness is not connected to codegen correctness.,Preserve names/types. Integrate into a stronger certificate-to-execution theorem or explicitly classify as retained compatibility surface.,P0 contract audit,high,Exported but repository-unreachable; preserve name and type unless an explicit API-breaking decision is made.
Definition,Public,annotated_codegen,ParallelCodegen.annotated_codegen,ParallelCodegen,,,annotated_codegen,yes,403,409,7,,,,0,0,1,tagged_prepared_codegen,5,annotated_codegen_correct_general;annotated_codegen_erase_eq;annotated_codegen_refines_prepared_codegen;checked_annotated_codegen;checked_annotated_codegen_ok_inv,0,,no,yes,no,yes,no,no,no,no,no,no,Parallel/vector annotation construction,"ParallelCodegen orchestration, with semantic certificate bridge currently absent",Direct AST annotation by certified dimension; no proof complexity here.,"The certificate field selects a loop depth, but no theorem in this file consumes `parallel_cert_sound` or proves that every target execution is justified by it.","Keep existing API. Add a stronger, separately named integration theorem linking validator soundness, origin tags, and the intended target execution model before changing current contracts.",P0 contract audit,high,Directly or transitively used by a qualified external root; preserve name and type.
Definition,Public,annotated_codegen_raw,ParallelCodegen.annotated_codegen_raw,ParallelCodegen,,,annotated_codegen_raw,yes,410,416,7,,,,0,0,1,tagged_prepared_codegen_raw,5,annotated_codegen_raw_correct_general;annotated_codegen_raw_erase_eq;annotated_codegen_raw_refines_prepared_codegen;checked_annotated_codegen;checked_annotated_codegen_ok_inv,0,,no,yes,no,yes,no,no,no,no,no,no,Parallel/vector annotation construction,"ParallelCodegen orchestration, with semantic certificate bridge currently absent",Direct AST annotation by certified dimension; no proof complexity here.,"The certificate field selects a loop depth, but no theorem in this file consumes `parallel_cert_sound` or proves that every target execution is justified by it.","Keep existing API. Add a stronger, separately named integration theorem linking validator soundness, origin tags, and the intended target execution model before changing current contracts.",P0 contract audit,high,Directly or transitively used by a qualified external root; preserve name and type.
Definition,Public,vector_annotated_codegen,ParallelCodegen.vector_annotated_codegen,ParallelCodegen,,,vector_annotated_codegen,yes,417,423,7,,,,0,0,1,tagged_prepared_codegen,5,checked_vector_annotated_codegen;checked_vector_annotated_codegen_ok_inv;vector_annotated_codegen_correct_general;vector_annotated_codegen_erase_eq;vector_annotated_codegen_refines_prepared_codegen,0,,no,yes,no,yes,no,no,no,no,no,no,Parallel/vector annotation construction,"ParallelCodegen orchestration, with semantic certificate bridge currently absent",Direct AST annotation by certified dimension; no proof complexity here.,"The certificate field selects a loop depth, but no theorem in this file consumes `parallel_cert_sound` or proves that every target execution is justified by it.","Keep existing API. Add a stronger, separately named integration theorem linking validator soundness, origin tags, and the intended target execution model before changing current contracts.",P0 contract audit,high,Directly or transitively used by a qualified external root; preserve name and type.
Definition,Public,vector_annotated_codegen_raw,ParallelCodegen.vector_annotated_codegen_raw,ParallelCodegen,,,vector_annotated_codegen_raw,yes,424,430,7,,,,0,0,1,tagged_prepared_codegen_raw,5,checked_vector_annotated_codegen;checked_vector_annotated_codegen_ok_inv;vector_annotated_codegen_raw_correct_general;vector_annotated_codegen_raw_erase_eq;vector_annotated_codegen_raw_refines_prepared_codegen,0,,no,yes,no,yes,no,no,no,no,no,no,Parallel/vector annotation construction,"ParallelCodegen orchestration, with semantic certificate bridge currently absent",Direct AST annotation by certified dimension; no proof complexity here.,"The certificate field selects a loop depth, but no theorem in this file consumes `parallel_cert_sound` or proves that every target execution is justified by it.","Keep existing API. Add a stronger, separately named integration theorem linking validator soundness, origin tags, and the intended target execution model before changing current contracts.",P0 contract audit,high,Directly or transitively used by a qualified external root; preserve name and type.
Fixpoint,Public,parallelize_certified_dims,ParallelCodegen.parallelize_certified_dims,ParallelCodegen,,,parallelize_certified_dims,yes,431,441,11,,,,0,0,0,,3,annotated_codegen_many;annotated_codegen_many_raw;erase_parallelize_certified_dims_to_loop_eq,0,,no,yes,no,yes,no,yes,no,yes,no,no,Parallel/vector annotation construction,"ParallelCodegen orchestration, with semantic certificate bridge currently absent",Direct AST annotation by certified dimension; no proof complexity here.,"The certificate field selects a loop depth, but no theorem in this file consumes `parallel_cert_sound` or proves that every target execution is justified by it.","Keep existing API. Add a stronger, separately named integration theorem linking validator soundness, origin tags, and the intended target execution model before changing current contracts.",P0 contract audit,high,Directly or transitively used by a qualified external root; preserve name and type.
Definition,Public,annotated_codegen_many,ParallelCodegen.annotated_codegen_many,ParallelCodegen,,,annotated_codegen_many,yes,442,448,7,,,,0,0,2,parallelize_certified_dims;tagged_prepared_codegen,5,annotated_codegen_many_correct_general;annotated_codegen_many_erase_eq;annotated_codegen_many_refines_prepared_codegen;checked_annotated_codegen_many;checked_annotated_codegen_many_ok_inv,0,,no,yes,no,yes,no,yes,no,yes,no,no,Parallel/vector annotation construction,"ParallelCodegen orchestration, with semantic certificate bridge currently absent",Direct AST annotation by certified dimension; no proof complexity here.,"The certificate field selects a loop depth, but no theorem in this file consumes `parallel_cert_sound` or proves that every target execution is justified by it.","Keep existing API. Add a stronger, separately named integration theorem linking validator soundness, origin tags, and the intended target execution model before changing current contracts.",P0 contract audit,high,Directly or transitively used by a qualified external root; preserve name and type.
Definition,Public,annotated_codegen_many_raw,ParallelCodegen.annotated_codegen_many_raw,ParallelCodegen,,,annotated_codegen_many_raw,yes,449,455,7,,,,0,0,2,parallelize_certified_dims;tagged_prepared_codegen_raw,5,annotated_codegen_many_raw_correct_general;annotated_codegen_many_raw_erase_eq;annotated_codegen_many_raw_refines_prepared_codegen;checked_annotated_codegen_many;checked_annotated_codegen_many_ok_inv,0,,no,yes,no,yes,no,yes,no,yes,no,no,Parallel/vector annotation construction,"ParallelCodegen orchestration, with semantic certificate bridge currently absent",Direct AST annotation by certified dimension; no proof complexity here.,"The certificate field selects a loop depth, but no theorem in this file consumes `parallel_cert_sound` or proves that every target execution is justified by it.","Keep existing API. Add a stronger, separately named integration theorem linking validator soundness, origin tags, and the intended target execution model before changing current contracts.",P0 contract audit,high,Directly or transitively used by a qualified external root; preserve name and type.
Definition,Public,result_is_ok,ParallelCodegen.result_is_ok,ParallelCodegen,,,result_is_ok,yes,456,461,6,,,,0,0,0,,2,all_es_safeb_stmt;all_es_safeb_stmts,0,,no,yes,no,yes,no,yes,no,yes,no,no,Executable trace-safety/backend checks,ParallelLoop semantic AST library; codegen should consume it,Boolean reflection over the annotated AST; vector adds the innermost/useful annotation condition.,Definitions and soundness are easy to read but sit away from the `trace_safe` predicate they decide; vector innermost evidence is discarded by semantic correctness wrappers.,"Move implementation/soundness beside ParallelLoop.trace_safe and retain forwarding aliases here; document that innermost is a backend acceptance condition, not used by VecMode semantic equivalence.",P1 ownership,medium,Directly or transitively used by a qualified external root; preserve name and type.
Fixpoint,Public,all_es_safeb_stmt,ParallelCodegen.all_es_safeb_stmt,ParallelCodegen,,,all_es_safeb_stmt,yes,462,474,13,464,473,Defined,10,8,2,all_es_safeb_stmts;result_is_ok,4,all_es_safeb;all_es_safeb_stmt_sound;all_es_safeb_stmts;all_es_safeb_stmts_sound,0,,no,yes,no,yes,no,yes,no,yes,no,no,Executable trace-safety/backend checks,ParallelLoop semantic AST library; codegen should consume it,Boolean reflection over the annotated AST; vector adds the innermost/useful annotation condition.,Definitions and soundness are easy to read but sit away from the `trace_safe` predicate they decide; vector innermost evidence is discarded by semantic correctness wrappers.,"Move implementation/soundness beside ParallelLoop.trace_safe and retain forwarding aliases here; document that innermost is a backend acceptance condition, not used by VecMode semantic equivalence.",P1 ownership,medium,Directly or transitively used by a qualified external root; preserve name and type.
with-Fixpoint,Public,all_es_safeb_stmts,ParallelCodegen.all_es_safeb_stmts,ParallelCodegen,,all_es_safeb_stmt,all_es_safeb_stmt,no,463,474,12,464,473,Defined,10,8,2,all_es_safeb_stmt;result_is_ok,3,all_es_safeb_stmt;all_es_safeb_stmt_sound;all_es_safeb_stmts_sound,0,,no,yes,no,yes,no,yes,no,yes,no,no,Executable trace-safety/backend checks,ParallelLoop semantic AST library; codegen should consume it,Boolean reflection over the annotated AST; vector adds the innermost/useful annotation condition.,Definitions and soundness are easy to read but sit away from the `trace_safe` predicate they decide; vector innermost evidence is discarded by semantic correctness wrappers.,"Move implementation/soundness beside ParallelLoop.trace_safe and retain forwarding aliases here; document that innermost is a backend acceptance condition, not used by VecMode semantic equivalence.",P1 ownership,medium,Directly or transitively used by a qualified external root; preserve name and type.
Definition,Public,all_es_safeb,ParallelCodegen.all_es_safeb,ParallelCodegen,,,all_es_safeb,yes,475,479,5,,,,0,0,1,all_es_safeb_stmt,6,all_es_safeb_sound;checked_annotated_codegen;checked_annotated_codegen_many;checked_annotated_codegen_many_ok_inv;checked_annotated_codegen_ok_inv;vector_codegen_safeb,4,syntax/SVerifiedParallelCompilerConfig.v:128:ParallelCodegenCore.all_es_safeb;driver/ExtractedPipelineCorrect.v:97:ParallelCodegenCore.all_es_safeb;driver/VerifiedParallelCompilerConfig.v:146:ParallelCodegenCore.all_es_safeb;driver/VerifiedParallelCompilerConfig.v:258:ParallelCodegenCore.all_es_safeb,yes,yes,no,yes,yes,yes,yes,yes,no,no,Executable trace-safety/backend checks,ParallelLoop semantic AST library; codegen should consume it,Boolean reflection over the annotated AST; vector adds the innermost/useful annotation condition.,Definitions and soundness are easy to read but sit away from the `trace_safe` predicate they decide; vector innermost evidence is discarded by semantic correctness wrappers.,"Move implementation/soundness beside ParallelLoop.trace_safe and retain forwarding aliases here; document that innermost is a backend acceptance condition, not used by VecMode semantic equivalence.",P1 ownership,medium,Directly or transitively used by a qualified external root; preserve name and type.
Lemma,Public,all_es_safeb_stmt_sound,ParallelCodegen.all_es_safeb_stmt_sound,ParallelCodegen,,,all_es_safeb_stmt_sound,yes,480,505,26,488,504,Qed,17,15,3,all_es_safeb_stmt;all_es_safeb_stmts;all_es_safeb_stmts_sound,2,all_es_safeb_sound;all_es_safeb_stmts_sound,0,,no,yes,no,yes,no,yes,no,yes,no,no,Executable trace-safety/backend checks,ParallelLoop semantic AST library; codegen should consume it,Boolean reflection over the annotated AST; vector adds the innermost/useful annotation condition.,Definitions and soundness are easy to read but sit away from the `trace_safe` predicate they decide; vector innermost evidence is discarded by semantic correctness wrappers.,"Move implementation/soundness beside ParallelLoop.trace_safe and retain forwarding aliases here; document that innermost is a backend acceptance condition, not used by VecMode semantic equivalence.",P1 ownership,medium,Directly or transitively used by a qualified external root; preserve name and type.
with-Lemma,Public,all_es_safeb_stmts_sound,ParallelCodegen.all_es_safeb_stmts_sound,ParallelCodegen,,all_es_safeb_stmt_sound,all_es_safeb_stmt_sound,no,484,505,22,488,504,Qed,17,15,3,all_es_safeb_stmt;all_es_safeb_stmt_sound;all_es_safeb_stmts,1,all_es_safeb_stmt_sound,0,,no,yes,no,yes,no,yes,no,yes,no,no,Executable trace-safety/backend checks,ParallelLoop semantic AST library; codegen should consume it,Boolean reflection over the annotated AST; vector adds the innermost/useful annotation condition.,Definitions and soundness are easy to read but sit away from the `trace_safe` predicate they decide; vector innermost evidence is discarded by semantic correctness wrappers.,"Move implementation/soundness beside ParallelLoop.trace_safe and retain forwarding aliases here; document that innermost is a backend acceptance condition, not used by VecMode semantic equivalence.",P1 ownership,medium,Directly or transitively used by a qualified external root; preserve name and type.
Lemma,Public,all_es_safeb_sound,ParallelCodegen.all_es_safeb_sound,ParallelCodegen,,,all_es_safeb_sound,yes,506,514,9,510,513,Qed,4,2,2,all_es_safeb;all_es_safeb_stmt_sound,3,checked_annotated_codegen_many_ok_inv;checked_annotated_codegen_ok_inv;vector_codegen_safeb_sound,2,driver/ExtractedPipelineCorrect.v:102:ParallelCodegenCore.all_es_safeb_sound;driver/VerifiedParallelCompilerConfig.v:263:ParallelCodegenCore.all_es_safeb_sound,yes,yes,no,yes,yes,yes,yes,yes,no,no,Executable trace-safety/backend checks,ParallelLoop semantic AST library; codegen should consume it,Boolean reflection over the annotated AST; vector adds the innermost/useful annotation condition.,Definitions and soundness are easy to read but sit away from the `trace_safe` predicate they decide; vector innermost evidence is discarded by semantic correctness wrappers.,"Move implementation/soundness beside ParallelLoop.trace_safe and retain forwarding aliases here; document that innermost is a backend acceptance condition, not used by VecMode semantic equivalence.",P1 ownership,medium,Directly or transitively used by a qualified external root; preserve name and type.
Definition,Public,vector_codegen_safeb,ParallelCodegen.vector_codegen_safeb,ParallelCodegen,,,vector_codegen_safeb,yes,515,517,3,,,,0,0,1,all_es_safeb,3,checked_vector_annotated_codegen;checked_vector_annotated_codegen_ok_inv;vector_codegen_safeb_sound,0,,no,yes,no,yes,no,no,no,no,no,no,Executable trace-safety/backend checks,ParallelLoop semantic AST library; codegen should consume it,Boolean reflection over the annotated AST; vector adds the innermost/useful annotation condition.,Definitions and soundness are easy to read but sit away from the `trace_safe` predicate they decide; vector innermost evidence is discarded by semantic correctness wrappers.,"Move implementation/soundness beside ParallelLoop.trace_safe and retain forwarding aliases here; document that innermost is a backend acceptance condition, not used by VecMode semantic equivalence.",P1 ownership,medium,Directly or transitively used by a qualified external root; preserve name and type.
Lemma,Public,vector_codegen_safeb_sound,ParallelCodegen.vector_codegen_safeb_sound,ParallelCodegen,,,vector_codegen_safeb_sound,yes,518,531,14,523,530,Qed,8,6,2,all_es_safeb_sound;vector_codegen_safeb,1,checked_vector_annotated_codegen_ok_inv,0,,no,yes,no,yes,no,no,no,no,no,no,Executable trace-safety/backend checks,ParallelLoop semantic AST library; codegen should consume it,Boolean reflection over the annotated AST; vector adds the innermost/useful annotation condition.,Definitions and soundness are easy to read but sit away from the `trace_safe` predicate they decide; vector innermost evidence is discarded by semantic correctness wrappers.,"Move implementation/soundness beside ParallelLoop.trace_safe and retain forwarding aliases here; document that innermost is a backend acceptance condition, not used by VecMode semantic equivalence.",P1 ownership,medium,Directly or transitively used by a qualified external root; preserve name and type.
Definition,Public,checked_annotated_codegen,ParallelCodegen.checked_annotated_codegen,ParallelCodegen,,,checked_annotated_codegen,yes,532,542,11,,,,0,0,3,all_es_safeb;annotated_codegen;annotated_codegen_raw,2,checked_annotated_codegen_correct_general;checked_annotated_codegen_ok_inv,2,syntax/SParallelPolOpt.v:38:ParallelCodegenCore.checked_annotated_codegen;driver/ParallelPolOpt.v:40:ParallelCodegenCore.checked_annotated_codegen,yes,yes,yes,yes,no,no,no,no,no,no,Checked optimized/raw fallback orchestration,ParallelCodegen orchestration,"Two-attempt control flow: optimized codegen, then raw codegen, accepting only trace-safe output.","Parallel single, vector single, and parallel-many repeat the same fallback shape.",Use a Local generic checked-fallback combinator parameterized by generator and boolean checker; keep public definitions and error strings unchanged.,P1 local factoring,low,Directly or transitively used by a qualified external root; preserve name and type.
Definition,Public,checked_vector_annotated_codegen,ParallelCodegen.checked_vector_annotated_codegen,ParallelCodegen,,,checked_vector_annotated_codegen,yes,543,556,14,,,,0,0,3,vector_annotated_codegen;vector_annotated_codegen_raw;vector_codegen_safeb,2,checked_vector_annotated_codegen_correct_general;checked_vector_annotated_codegen_ok_inv,2,syntax/SParallelPolOpt.v:60:ParallelCodegenCore.checked_vector_annotated_codegen;driver/ParallelPolOpt.v:62:ParallelCodegenCore.checked_vector_annotated_codegen,yes,yes,yes,yes,no,no,no,no,no,no,Checked optimized/raw fallback orchestration,ParallelCodegen orchestration,"Two-attempt control flow: optimized codegen, then raw codegen, accepting only trace-safe output.","Parallel single, vector single, and parallel-many repeat the same fallback shape.",Use a Local generic checked-fallback combinator parameterized by generator and boolean checker; keep public definitions and error strings unchanged.,P1 local factoring,low,Directly or transitively used by a qualified external root; preserve name and type.
Definition,Public,checked_annotated_codegen_many,ParallelCodegen.checked_annotated_codegen_many,ParallelCodegen,,,checked_annotated_codegen_many,yes,557,567,11,,,,0,0,3,all_es_safeb;annotated_codegen_many;annotated_codegen_many_raw,2,checked_annotated_codegen_many_correct_general;checked_annotated_codegen_many_ok_inv,4,syntax/SVerifiedParallelCompilerConfig.v:145:ParallelCodegenCore.checked_annotated_codegen_many;syntax/SParallelPolOpt.v:104:ParallelCodegenCore.checked_annotated_codegen_many;driver/VerifiedParallelCompilerConfig.v:163:ParallelCodegenCore.checked_annotated_codegen_many;driver/ParallelPolOpt.v:106:ParallelCodegenCore.checked_annotated_codegen_many,yes,yes,yes,yes,yes,yes,yes,yes,no,no,Checked optimized/raw fallback orchestration,ParallelCodegen orchestration,"Two-attempt control flow: optimized codegen, then raw codegen, accepting only trace-safe output.","Parallel single, vector single, and parallel-many repeat the same fallback shape.",Use a Local generic checked-fallback combinator parameterized by generator and boolean checker; keep public definitions and error strings unchanged.,P1 local factoring,low,Directly or transitively used by a qualified external root; preserve name and type.
Lemma,Public,tagged_prepared_codegen_matches,ParallelCodegen.tagged_prepared_codegen_matches,ParallelCodegen,,,tagged_prepared_codegen_matches,yes,568,583,16,572,582,Qed,11,9,3,codegen_matches_current_dims;tag_loop_stmt_tagged_from_depth;tagged_prepared_codegen,0,,0,,no,no,no,no,no,no,no,no,no,no,Origin-depth tagging contract,Bridge between validator dimensions and generated-loop depths,Simple structural invariant with potentially central integration purpose.,Repository-unreachable exported chain; validator certificate soundness is not connected to codegen correctness.,Preserve names/types. Integrate into a stronger certificate-to-execution theorem or explicitly classify as retained compatibility surface.,P0 contract audit,high,Exported but repository-unreachable; preserve name and type unless an explicit API-breaking decision is made.
Lemma,Public,tagged_prepared_codegen_erase_eq,ParallelCodegen.tagged_prepared_codegen_erase_eq,ParallelCodegen,,,tagged_prepared_codegen_erase_eq,yes,584,602,19,590,601,Qed,12,10,3,erase_tag_loop_eq;erase_to_loop;tagged_prepared_codegen,3,annotated_codegen_erase_eq;annotated_codegen_many_erase_eq;vector_annotated_codegen_erase_eq,0,,no,yes,no,yes,no,yes,no,yes,no,no,Codegen result erasure,ParallelCodegen proof composition,Monadic inversion plus annotation-erasure; low theory complexity.,Eight normal/raw/parallel/vector/many lemmas repeat the same proof skeleton.,Introduce Local generic lemmas parameterized by prepared generator and erasure-preserving annotation; retain public statements as wrappers.,P0 proof deduplication,low,Directly or transitively used by a qualified external root; preserve name and type.
Lemma,Public,tagged_prepared_codegen_raw_erase_eq,ParallelCodegen.tagged_prepared_codegen_raw_erase_eq,ParallelCodegen,,,tagged_prepared_codegen_raw_erase_eq,yes,603,621,19,609,620,Qed,12,10,3,erase_tag_loop_eq;erase_to_loop;tagged_prepared_codegen_raw,3,annotated_codegen_many_raw_erase_eq;annotated_codegen_raw_erase_eq;vector_annotated_codegen_raw_erase_eq,0,,no,yes,no,yes,no,yes,no,yes,no,no,Codegen result erasure,ParallelCodegen proof composition,Monadic inversion plus annotation-erasure; low theory complexity.,Eight normal/raw/parallel/vector/many lemmas repeat the same proof skeleton.,Introduce Local generic lemmas parameterized by prepared generator and erasure-preserving annotation; retain public statements as wrappers.,P0 proof deduplication,low,Directly or transitively used by a qualified external root; preserve name and type.
Lemma,Public,annotated_codegen_erase_eq,ParallelCodegen.annotated_codegen_erase_eq,ParallelCodegen,,,annotated_codegen_erase_eq,yes,622,642,21,628,641,Qed,14,12,4,annotated_codegen;erase_parallelize_dim_to_loop_eq;erase_to_loop;tagged_prepared_codegen_erase_eq,1,annotated_codegen_refines_prepared_codegen,0,,no,yes,no,yes,no,no,no,no,no,no,Codegen result erasure,ParallelCodegen proof composition,Monadic inversion plus annotation-erasure; low theory complexity.,Eight normal/raw/parallel/vector/many lemmas repeat the same proof skeleton.,Introduce Local generic lemmas parameterized by prepared generator and erasure-preserving annotation; retain public statements as wrappers.,P0 proof deduplication,low,Directly or transitively used by a qualified external root; preserve name and type.
Lemma,Public,annotated_codegen_raw_erase_eq,ParallelCodegen.annotated_codegen_raw_erase_eq,ParallelCodegen,,,annotated_codegen_raw_erase_eq,yes,643,663,21,649,662,Qed,14,12,4,annotated_codegen_raw;erase_parallelize_dim_to_loop_eq;erase_to_loop;tagged_prepared_codegen_raw_erase_eq,1,annotated_codegen_raw_refines_prepared_codegen,0,,no,yes,no,yes,no,no,no,no,no,no,Codegen result erasure,ParallelCodegen proof composition,Monadic inversion plus annotation-erasure; low theory complexity.,Eight normal/raw/parallel/vector/many lemmas repeat the same proof skeleton.,Introduce Local generic lemmas parameterized by prepared generator and erasure-preserving annotation; retain public statements as wrappers.,P0 proof deduplication,low,Directly or transitively used by a qualified external root; preserve name and type.
Lemma,Public,vector_annotated_codegen_erase_eq,ParallelCodegen.vector_annotated_codegen_erase_eq,ParallelCodegen,,,vector_annotated_codegen_erase_eq,yes,664,684,21,670,683,Qed,14,12,4,erase_to_loop;erase_vectorize_dim_to_loop_eq;tagged_prepared_codegen_erase_eq;vector_annotated_codegen,1,vector_annotated_codegen_refines_prepared_codegen,0,,no,yes,no,yes,no,no,no,no,no,no,Codegen result erasure,ParallelCodegen proof composition,Monadic inversion plus annotation-erasure; low theory complexity.,Eight normal/raw/parallel/vector/many lemmas repeat the same proof skeleton.,Introduce Local generic lemmas parameterized by prepared generator and erasure-preserving annotation; retain public statements as wrappers.,P0 proof deduplication,low,Directly or transitively used by a qualified external root; preserve name and type.
Lemma,Public,vector_annotated_codegen_raw_erase_eq,ParallelCodegen.vector_annotated_codegen_raw_erase_eq,ParallelCodegen,,,vector_annotated_codegen_raw_erase_eq,yes,685,705,21,691,704,Qed,14,12,4,erase_to_loop;erase_vectorize_dim_to_loop_eq;tagged_prepared_codegen_raw_erase_eq;vector_annotated_codegen_raw,1,vector_annotated_codegen_raw_refines_prepared_codegen,0,,no,yes,no,yes,no,no,no,no,no,no,Codegen result erasure,ParallelCodegen proof composition,Monadic inversion plus annotation-erasure; low theory complexity.,Eight normal/raw/parallel/vector/many lemmas repeat the same proof skeleton.,Introduce Local generic lemmas parameterized by prepared generator and erasure-preserving annotation; retain public statements as wrappers.,P0 proof deduplication,low,Directly or transitively used by a qualified external root; preserve name and type.
Lemma,Public,erase_parallelize_certified_dims_to_loop_eq,ParallelCodegen.erase_parallelize_certified_dims_to_loop_eq,ParallelCodegen,,,erase_parallelize_certified_dims_to_loop_eq,yes,706,715,10,709,714,Qed,6,4,3,erase_parallelize_dim_to_loop_eq;erase_to_loop;parallelize_certified_dims,2,annotated_codegen_many_erase_eq;annotated_codegen_many_raw_erase_eq,0,,no,yes,no,no,no,yes,no,yes,no,no,Annotation erasure preservation,Prefer ParallelLoop annotation library; wrappers may remain here,Structural fact that changing SeqMode to ParMode/VecMode does not alter erased loop syntax.,"Parallel and vector mutual proofs are line-for-line duplicates, while ParallelLoop already proves analogous erasure lemmas for its own erased AST.",Add one local generic mode-change/erasure bridge or derive through ParallelLoop erasure; retain every public theorem as a one-line wrapper.,P1 deduplicate,medium,Directly or transitively used by a qualified external root; preserve name and type.
Lemma,Public,annotated_codegen_many_erase_eq,ParallelCodegen.annotated_codegen_many_erase_eq,ParallelCodegen,,,annotated_codegen_many_erase_eq,yes,716,736,21,722,735,Qed,14,12,4,annotated_codegen_many;erase_parallelize_certified_dims_to_loop_eq;erase_to_loop;tagged_prepared_codegen_erase_eq,1,annotated_codegen_many_refines_prepared_codegen,0,,no,yes,no,no,no,yes,no,yes,no,no,Codegen result erasure,ParallelCodegen proof composition,Monadic inversion plus annotation-erasure; low theory complexity.,Eight normal/raw/parallel/vector/many lemmas repeat the same proof skeleton.,Introduce Local generic lemmas parameterized by prepared generator and erasure-preserving annotation; retain public statements as wrappers.,P0 proof deduplication,low,Directly or transitively used by a qualified external root; preserve name and type.
Lemma,Public,annotated_codegen_many_raw_erase_eq,ParallelCodegen.annotated_codegen_many_raw_erase_eq,ParallelCodegen,,,annotated_codegen_many_raw_erase_eq,yes,737,757,21,743,756,Qed,14,12,4,annotated_codegen_many_raw;erase_parallelize_certified_dims_to_loop_eq;erase_to_loop;tagged_prepared_codegen_raw_erase_eq,1,annotated_codegen_many_raw_refines_prepared_codegen,0,,no,yes,no,no,no,yes,no,yes,no,no,Codegen result erasure,ParallelCodegen proof composition,Monadic inversion plus annotation-erasure; low theory complexity.,Eight normal/raw/parallel/vector/many lemmas repeat the same proof skeleton.,Introduce Local generic lemmas parameterized by prepared generator and erasure-preserving annotation; retain public statements as wrappers.,P0 proof deduplication,low,Directly or transitively used by a qualified external root; preserve name and type.
Lemma,Public,annotated_codegen_refines_prepared_codegen,ParallelCodegen.annotated_codegen_refines_prepared_codegen,ParallelCodegen,,,annotated_codegen_refines_prepared_codegen,yes,758,781,24,767,780,Qed,14,12,3,annotated_codegen;annotated_codegen_erase_eq;erase_to_loop_semantics,1,annotated_codegen_correct_general,0,,no,yes,no,yes,no,no,no,no,no,no,Annotated execution to prepared-loop refinement,ParallelCodegen proof composition; hard semantic theorem remains in ParallelLoop,Combines result erasure with ParallelLoop.semantics_refines_erased; no transformation-specific reasoning.,Six proof bodies are alpha-equivalent and jointly occupy 84 proof-span lines.,Prove one Local generic refinement combinator and keep all six public theorems as explicit wrappers.,P0 proof deduplication,low,Directly or transitively used by a qualified external root; preserve name and type.
Lemma,Public,annotated_codegen_raw_refines_prepared_codegen,ParallelCodegen.annotated_codegen_raw_refines_prepared_codegen,ParallelCodegen,,,annotated_codegen_raw_refines_prepared_codegen,yes,782,805,24,791,804,Qed,14,12,3,annotated_codegen_raw;annotated_codegen_raw_erase_eq;erase_to_loop_semantics,1,annotated_codegen_raw_correct_general,0,,no,yes,no,yes,no,no,no,no,no,no,Annotated execution to prepared-loop refinement,ParallelCodegen proof composition; hard semantic theorem remains in ParallelLoop,Combines result erasure with ParallelLoop.semantics_refines_erased; no transformation-specific reasoning.,Six proof bodies are alpha-equivalent and jointly occupy 84 proof-span lines.,Prove one Local generic refinement combinator and keep all six public theorems as explicit wrappers.,P0 proof deduplication,low,Directly or transitively used by a qualified external root; preserve name and type.
Lemma,Public,vector_annotated_codegen_refines_prepared_codegen,ParallelCodegen.vector_annotated_codegen_refines_prepared_codegen,ParallelCodegen,,,vector_annotated_codegen_refines_prepared_codegen,yes,806,829,24,815,828,Qed,14,12,3,erase_to_loop_semantics;vector_annotated_codegen;vector_annotated_codegen_erase_eq,1,vector_annotated_codegen_correct_general,0,,no,yes,no,yes,no,no,no,no,no,no,Annotated execution to prepared-loop refinement,ParallelCodegen proof composition; hard semantic theorem remains in ParallelLoop,Combines result erasure with ParallelLoop.semantics_refines_erased; no transformation-specific reasoning.,Six proof bodies are alpha-equivalent and jointly occupy 84 proof-span lines.,Prove one Local generic refinement combinator and keep all six public theorems as explicit wrappers.,P0 proof deduplication,low,Directly or transitively used by a qualified external root; preserve name and type.
Lemma,Public,vector_annotated_codegen_raw_refines_prepared_codegen,ParallelCodegen.vector_annotated_codegen_raw_refines_prepared_codegen,ParallelCodegen,,,vector_annotated_codegen_raw_refines_prepared_codegen,yes,830,853,24,839,852,Qed,14,12,3,erase_to_loop_semantics;vector_annotated_codegen_raw;vector_annotated_codegen_raw_erase_eq,1,vector_annotated_codegen_raw_correct_general,0,,no,yes,no,yes,no,no,no,no,no,no,Annotated execution to prepared-loop refinement,ParallelCodegen proof composition; hard semantic theorem remains in ParallelLoop,Combines result erasure with ParallelLoop.semantics_refines_erased; no transformation-specific reasoning.,Six proof bodies are alpha-equivalent and jointly occupy 84 proof-span lines.,Prove one Local generic refinement combinator and keep all six public theorems as explicit wrappers.,P0 proof deduplication,low,Directly or transitively used by a qualified external root; preserve name and type.
Lemma,Public,annotated_codegen_many_refines_prepared_codegen,ParallelCodegen.annotated_codegen_many_refines_prepared_codegen,ParallelCodegen,,,annotated_codegen_many_refines_prepared_codegen,yes,854,877,24,863,876,Qed,14,12,3,annotated_codegen_many;annotated_codegen_many_erase_eq;erase_to_loop_semantics,1,annotated_codegen_many_correct_general,0,,no,yes,no,no,no,yes,no,yes,no,no,Annotated execution to prepared-loop refinement,ParallelCodegen proof composition; hard semantic theorem remains in ParallelLoop,Combines result erasure with ParallelLoop.semantics_refines_erased; no transformation-specific reasoning.,Six proof bodies are alpha-equivalent and jointly occupy 84 proof-span lines.,Prove one Local generic refinement combinator and keep all six public theorems as explicit wrappers.,P0 proof deduplication,low,Directly or transitively used by a qualified external root; preserve name and type.
Lemma,Public,annotated_codegen_many_raw_refines_prepared_codegen,ParallelCodegen.annotated_codegen_many_raw_refines_prepared_codegen,ParallelCodegen,,,annotated_codegen_many_raw_refines_prepared_codegen,yes,878,901,24,887,900,Qed,14,12,3,annotated_codegen_many_raw;annotated_codegen_many_raw_erase_eq;erase_to_loop_semantics,1,annotated_codegen_many_raw_correct_general,0,,no,yes,no,no,no,yes,no,yes,no,no,Annotated execution to prepared-loop refinement,ParallelCodegen proof composition; hard semantic theorem remains in ParallelLoop,Combines result erasure with ParallelLoop.semantics_refines_erased; no transformation-specific reasoning.,Six proof bodies are alpha-equivalent and jointly occupy 84 proof-span lines.,Prove one Local generic refinement combinator and keep all six public theorems as explicit wrappers.,P0 proof deduplication,low,Directly or transitively used by a qualified external root; preserve name and type.
Theorem,Public,annotated_codegen_correct_general,ParallelCodegen.annotated_codegen_correct_general,ParallelCodegen,,,annotated_codegen_correct_general,yes,902,923,22,911,922,Qed,12,10,2,annotated_codegen;annotated_codegen_refines_prepared_codegen,1,checked_annotated_codegen_correct_general,0,,no,yes,no,yes,no,no,no,no,no,no,Prepared-codegen correctness composition,ParallelCodegen top-level semantic composition,Combines a refinement wrapper with existing PrepareCodegen correctness.,Six alpha-equivalent wrappers; more importantly their hypotheses require `trace_safe pl` and do not mention validator certificate soundness.,Factor the proof skeleton locally. Separately add a stronger integration theorem if the public claim is intended to cover static validation of all parallel executions.,P0 deduplicate and contract audit,high,Directly or transitively used by a qualified external root; preserve name and type.
Theorem,Public,annotated_codegen_raw_correct_general,ParallelCodegen.annotated_codegen_raw_correct_general,ParallelCodegen,,,annotated_codegen_raw_correct_general,yes,924,945,22,933,944,Qed,12,10,2,annotated_codegen_raw;annotated_codegen_raw_refines_prepared_codegen,1,checked_annotated_codegen_correct_general,0,,no,yes,no,yes,no,no,no,no,no,no,Prepared-codegen correctness composition,ParallelCodegen top-level semantic composition,Combines a refinement wrapper with existing PrepareCodegen correctness.,Six alpha-equivalent wrappers; more importantly their hypotheses require `trace_safe pl` and do not mention validator certificate soundness.,Factor the proof skeleton locally. Separately add a stronger integration theorem if the public claim is intended to cover static validation of all parallel executions.,P0 deduplicate and contract audit,high,Directly or transitively used by a qualified external root; preserve name and type.
Theorem,Public,vector_annotated_codegen_correct_general,ParallelCodegen.vector_annotated_codegen_correct_general,ParallelCodegen,,,vector_annotated_codegen_correct_general,yes,946,967,22,955,966,Qed,12,10,2,vector_annotated_codegen;vector_annotated_codegen_refines_prepared_codegen,1,checked_vector_annotated_codegen_correct_general,0,,no,yes,no,yes,no,no,no,no,no,no,Prepared-codegen correctness composition,ParallelCodegen top-level semantic composition,Combines a refinement wrapper with existing PrepareCodegen correctness.,Six alpha-equivalent wrappers; more importantly their hypotheses require `trace_safe pl` and do not mention validator certificate soundness.,Factor the proof skeleton locally. Separately add a stronger integration theorem if the public claim is intended to cover static validation of all parallel executions.,P0 deduplicate and contract audit,high,Directly or transitively used by a qualified external root; preserve name and type.
Theorem,Public,vector_annotated_codegen_raw_correct_general,ParallelCodegen.vector_annotated_codegen_raw_correct_general,ParallelCodegen,,,vector_annotated_codegen_raw_correct_general,yes,968,989,22,977,988,Qed,12,10,2,vector_annotated_codegen_raw;vector_annotated_codegen_raw_refines_prepared_codegen,1,checked_vector_annotated_codegen_correct_general,0,,no,yes,no,yes,no,no,no,no,no,no,Prepared-codegen correctness composition,ParallelCodegen top-level semantic composition,Combines a refinement wrapper with existing PrepareCodegen correctness.,Six alpha-equivalent wrappers; more importantly their hypotheses require `trace_safe pl` and do not mention validator certificate soundness.,Factor the proof skeleton locally. Separately add a stronger integration theorem if the public claim is intended to cover static validation of all parallel executions.,P0 deduplicate and contract audit,high,Directly or transitively used by a qualified external root; preserve name and type.
Theorem,Public,annotated_codegen_many_correct_general,ParallelCodegen.annotated_codegen_many_correct_general,ParallelCodegen,,,annotated_codegen_many_correct_general,yes,990,1011,22,999,1010,Qed,12,10,2,annotated_codegen_many;annotated_codegen_many_refines_prepared_codegen,1,checked_annotated_codegen_many_correct_general,0,,no,yes,no,no,no,yes,no,yes,no,no,Prepared-codegen correctness composition,ParallelCodegen top-level semantic composition,Combines a refinement wrapper with existing PrepareCodegen correctness.,Six alpha-equivalent wrappers; more importantly their hypotheses require `trace_safe pl` and do not mention validator certificate soundness.,Factor the proof skeleton locally. Separately add a stronger integration theorem if the public claim is intended to cover static validation of all parallel executions.,P0 deduplicate and contract audit,high,Directly or transitively used by a qualified external root; preserve name and type.
Theorem,Public,annotated_codegen_many_raw_correct_general,ParallelCodegen.annotated_codegen_many_raw_correct_general,ParallelCodegen,,,annotated_codegen_many_raw_correct_general,yes,1012,1033,22,1021,1032,Qed,12,10,2,annotated_codegen_many_raw;annotated_codegen_many_raw_refines_prepared_codegen,1,checked_annotated_codegen_many_correct_general,0,,no,yes,no,no,no,yes,no,yes,no,no,Prepared-codegen correctness composition,ParallelCodegen top-level semantic composition,Combines a refinement wrapper with existing PrepareCodegen correctness.,Six alpha-equivalent wrappers; more importantly their hypotheses require `trace_safe pl` and do not mention validator certificate soundness.,Factor the proof skeleton locally. Separately add a stronger integration theorem if the public claim is intended to cover static validation of all parallel executions.,P0 deduplicate and contract audit,high,Directly or transitively used by a qualified external root; preserve name and type.
Lemma,Public,checked_annotated_codegen_ok_inv,ParallelCodegen.checked_annotated_codegen_ok_inv,ParallelCodegen,,,checked_annotated_codegen_ok_inv,yes,1034,1065,32,1041,1064,Qed,24,22,5,all_es_safeb;all_es_safeb_sound;annotated_codegen;annotated_codegen_raw;checked_annotated_codegen,1,checked_annotated_codegen_correct_general,0,,no,yes,no,yes,no,no,no,no,no,no,Checked fallback inversion,Generic imp/result fallback utility local to ParallelCodegen,Case analysis on two boolean checks and two mayReturn binds.,Three 24-line proofs are the same control-flow argument; vector merely strengthens the accepted property.,"Prove one Local generic `checked_fallback_ok_inv` over predicate/checker soundness, then specialize; preserve names/types.",P0 proof deduplication,low,Directly or transitively used by a qualified external root; preserve name and type.
Lemma,Public,checked_vector_annotated_codegen_ok_inv,ParallelCodegen.checked_vector_annotated_codegen_ok_inv,ParallelCodegen,,,checked_vector_annotated_codegen_ok_inv,yes,1066,1099,34,1075,1098,Qed,24,22,5,checked_vector_annotated_codegen;vector_annotated_codegen;vector_annotated_codegen_raw;vector_codegen_safeb;vector_codegen_safeb_sound,1,checked_vector_annotated_codegen_correct_general,0,,no,yes,no,yes,no,no,no,no,no,no,Checked fallback inversion,Generic imp/result fallback utility local to ParallelCodegen,Case analysis on two boolean checks and two mayReturn binds.,Three 24-line proofs are the same control-flow argument; vector merely strengthens the accepted property.,"Prove one Local generic `checked_fallback_ok_inv` over predicate/checker soundness, then specialize; preserve names/types.",P0 proof deduplication,low,Directly or transitively used by a qualified external root; preserve name and type.
Lemma,Public,checked_annotated_codegen_many_ok_inv,ParallelCodegen.checked_annotated_codegen_many_ok_inv,ParallelCodegen,,,checked_annotated_codegen_many_ok_inv,yes,1100,1131,32,1107,1130,Qed,24,22,5,all_es_safeb;all_es_safeb_sound;annotated_codegen_many;annotated_codegen_many_raw;checked_annotated_codegen_many,1,checked_annotated_codegen_many_correct_general,0,,no,yes,no,no,no,yes,no,yes,no,no,Checked fallback inversion,Generic imp/result fallback utility local to ParallelCodegen,Case analysis on two boolean checks and two mayReturn binds.,Three 24-line proofs are the same control-flow argument; vector merely strengthens the accepted property.,"Prove one Local generic `checked_fallback_ok_inv` over predicate/checker soundness, then specialize; preserve names/types.",P0 proof deduplication,low,Directly or transitively used by a qualified external root; preserve name and type.
Theorem,Public,checked_annotated_codegen_correct_general,ParallelCodegen.checked_annotated_codegen_correct_general,ParallelCodegen,,,checked_annotated_codegen_correct_general,yes,1132,1148,17,1140,1147,Qed,8,6,4,annotated_codegen_correct_general;annotated_codegen_raw_correct_general;checked_annotated_codegen;checked_annotated_codegen_ok_inv,0,,1,driver/ParallelPolOpt.v:1141:ParallelCodegenCore.checked_annotated_codegen_correct_general,yes,yes,yes,yes,no,no,no,no,no,no,Checked endpoint correctness,ParallelCodegen public endpoints,Two-way dispatch to optimized/raw correctness.,Three identical short wrappers; vector discards innermost evidence after acceptance.,Keep endpoints explicit for discoverability; use the generic fallback inversion proof underneath. Document the semantic scope.,P1 wrapper cleanup,low,Directly or transitively used by a qualified external root; preserve name and type.
Theorem,Public,checked_vector_annotated_codegen_correct_general,ParallelCodegen.checked_vector_annotated_codegen_correct_general,ParallelCodegen,,,checked_vector_annotated_codegen_correct_general,yes,1149,1165,17,1157,1164,Qed,8,6,4,checked_vector_annotated_codegen;checked_vector_annotated_codegen_ok_inv;vector_annotated_codegen_correct_general;vector_annotated_codegen_raw_correct_general,0,,1,driver/ParallelPolOpt.v:1159:ParallelCodegenCore.checked_vector_annotated_codegen_correct_general,yes,yes,yes,yes,no,no,no,no,no,no,Checked endpoint correctness,ParallelCodegen public endpoints,Two-way dispatch to optimized/raw correctness.,Three identical short wrappers; vector discards innermost evidence after acceptance.,Keep endpoints explicit for discoverability; use the generic fallback inversion proof underneath. Document the semantic scope.,P1 wrapper cleanup,low,Directly or transitively used by a qualified external root; preserve name and type.
Theorem,Public,checked_annotated_codegen_many_correct_general,ParallelCodegen.checked_annotated_codegen_many_correct_general,ParallelCodegen,,,checked_annotated_codegen_many_correct_general,yes,1166,1183,18,1174,1181,Qed,8,6,4,annotated_codegen_many_correct_general;annotated_codegen_many_raw_correct_general;checked_annotated_codegen_many;checked_annotated_codegen_many_ok_inv,0,,2,driver/VerifiedParallelCompilerConfig.v:304:ParallelCodegenCore.checked_annotated_codegen_many_correct_general;driver/ParallelPolOptCorrect.v:108:Core.ParallelCodegenCore.checked_annotated_codegen_many_correct_general,yes,yes,no,no,yes,yes,yes,yes,no,no,Checked endpoint correctness,ParallelCodegen public endpoints,Two-way dispatch to optimized/raw correctness.,Three identical short wrappers; vector discards innermost evidence after acceptance.,Keep endpoints explicit for discoverability; use the generic fallback inversion proof underneath. Document the semantic scope.,P1 wrapper cleanup,low,Directly or transitively used by a qualified external root; preserve name and type.
