name,short_name,scope,kind,local,start,end,total_lines,proof_start,proof_end,proof_lines,internal_callers_count,internal_callers,deps_count,deps,external_token_count,external_token_uses,external_name_collision,external_declaration_sites,public_root,public_closure,tactics,role,ownership,audit_action,audit_note,repository_reachability
list_beq,list_beq,top,Scheme,False,18,18,1,,,0,3,listzz_strict_eqb;listzzs_strict_eqb;access_list_strict_eqb,0,,3,src/CTy.v:48;src/PolyLang.v:541;src/PolyLang.v:581,True,src/Base.v:15,False,True,"{""apply"": 0, ""assert"": 0, ""auto"": 0, ""destruct"": 0, ""eapply"": 0, ""eauto"": 0, ""firstorder"": 0, ""inversion"": 0, ""lia"": 0, ""nia"": 0, ""pose proof"": 0, ""repeat"": 0, ""rewrite"": 0, ""specialize"": 0, ""subst"": 0, ""unfold"": 0}",generated generic list equality,Base or generic list library,reuse existing,Base.v already runs `Scheme Equality for list`; remove the duplicate source command here.,dependency of explicit external root
free_ident,free_ident,top,Definition,False,20,22,3,,,0,0,,0,,6,tiling_separate_extraction.v:58;src/Convert.v:1023;src/CInstr.v:113;src/CInstr.v:182;extraction/extraction.v:210;syntax/SInstr.v:893,False,,True,True,"{""apply"": 0, ""assert"": 0, ""auto"": 0, ""destruct"": 0, ""eapply"": 0, ""eauto"": 0, ""firstorder"": 0, ""inversion"": 0, ""lia"": 0, ""nia"": 0, ""pose proof"": 0, ""repeat"": 0, ""rewrite"": 0, ""specialize"": 0, ""subst"": 0, ""unfold"": 0}",polyhedral core type/alias,PolyBase public foundation,keep,Widely consumed foundational API; organize under explicit type sections.,explicit external token root
Domain,Domain,top,Definition,False,23,26,4,,,0,1,listzzs_strict_eqb,0,,23,src/StrengthenDomain.v:44;src/StrengthenDomain.v:56;src/StrengthenDomain.v:64;src/TilingRelation.v:80;src/TilingRelation.v:224;src/TilingRelation.v:234;src/TilingRelation.v:238;src/Extractor.v:1418;src/Extractor.v:1467;src/Extractor.v:1740;src/ISSRefinement.v:150;src/PrepareCodegen.v:88;src/PolyLang.v:51;src/PolyLang.v:174;src/PolyLang.v:993;src/PolyLang.v:1016;src/PolyLang.v:3992;src/WitnessedPolyLangDesign.v:17;samples/CSample1.v:69;samples/CSample2.v:95;samples/CSample2.v:234;samples/CSample3.v:64;samples/CSample3.v:607,False,,True,True,"{""apply"": 0, ""assert"": 0, ""auto"": 0, ""destruct"": 0, ""eapply"": 0, ""eauto"": 0, ""firstorder"": 0, ""inversion"": 0, ""lia"": 0, ""nia"": 0, ""pose proof"": 0, ""repeat"": 0, ""rewrite"": 0, ""specialize"": 0, ""subst"": 0, ""unfold"": 0}",polyhedral core type/alias,PolyBase public foundation,keep,Widely consumed foundational API; organize under explicit type sections.,explicit external token root
NP.t,t,NP,Definition,False,27,27,1,,,0,2,NP.eq;NP.eq_dec,0,,0,,True,lib/Ordered.v:31;lib/Ordered.v:61;lib/Ordered.v:91;lib/Ordered.v:129;lib/Ordered.v:172;lib/Maps.v:215;lib/Maps.v:1240;lib/Maps.v:1324;lib/Maps.v:1379;lib/Maps.v:1399;lib/Maps.v:1430;lib/Maps.v:1481;x86/Machregs.v:79;x86/Asm.v:306;common/Globalenvs.v:75;common/Globalenvs.v:148;src/CTy.v:89;src/TInstr.v:17;src/TInstr.v:25;src/TInstr.v:55;src/PolyLang.v:79;src/CState.v:26;src/CInstr.v:105;MenhirLib/Alphabet.v:231;MenhirLib/Validator_complete.v:24;MenhirLib/Validator_complete.v:29;polygen/ParallelLoop.v:44;polygen/Loop.v:192;VPL/coq/Map_poly.v:30;VPL/coq/LinTerm.v:98;VPL/coq/LinTerm.v:438;VPL/coq/DomainGCL.v:276;VPL/coq/CstrC.v:75;VPL/coq/ZNone.v:102;VPL/coq/NumC.v:257;VPL/coq/NumC.v:615;VPL/coq/AssignD.v:275;VPL/coq/DomainFunctors.v:47;VPL/coq/ASAtomicCond.v:30;VPL/coq/ASAtomicCond.v:208;VPL/coq/Itv.v:59;VPL/coq/PedraQ.v:54;VPL/coq/ConsSet.v:15;VPL/coq/ASTerm.v:29;VPL/coq/ASTerm.v:526;VPL/coq/ProgVar.v:24;VPL/coq/ProgVar.v:313;VPL/coq/ZNoneItv.v:26;VPL/coq/ZNoneItv.v:403;VPL/coq/CIndex.v:29;VPL/coq/CIndex.v:536;VPL/coq/CIndex.v:557;VPL/coq/ASCond.v:42;syntax/SInstr.v:23;syntax/SInstr.v:45;syntax/SInstr.v:108,False,False,"{""apply"": 0, ""assert"": 0, ""auto"": 0, ""destruct"": 0, ""eapply"": 0, ""eauto"": 0, ""firstorder"": 0, ""inversion"": 0, ""lia"": 0, ""nia"": 0, ""pose proof"": 0, ""repeat"": 0, ""rewrite"": 0, ""specialize"": 0, ""subst"": 0, ""unfold"": 0}",legacy numbered-point set support,obsolete/compatibility block,retire or isolate,No explicit repository use; keep only after checking external API expectations.,outside explicit external-root closure
NP.eq,eq,NP,Definition,False,28,32,5,,,0,3,NP.eq_refl;NP.eq_equiv;NP.eq_dec,1,NP.t,0,,True,lib/Integers.v:177;lib/Ordered.v:32;lib/Ordered.v:62;lib/Ordered.v:92;lib/Ordered.v:130;lib/Ordered.v:174;lib/Maps.v:1393;lib/Maps.v:1411;x86/Machregs.v:80;x86/Asm.v:307;common/Values.v:66;src/TInstr.v:27;src/CState.v:1190;VPL/coq/CIndex.v:31;syntax/SInstr.v:47,False,False,"{""apply"": 0, ""assert"": 0, ""auto"": 0, ""destruct"": 0, ""eapply"": 0, ""eauto"": 0, ""firstorder"": 0, ""inversion"": 0, ""lia"": 0, ""nia"": 0, ""pose proof"": 0, ""repeat"": 0, ""rewrite"": 0, ""specialize"": 0, ""subst"": 0, ""unfold"": 0}",legacy numbered-point set support,obsolete/compatibility block,retire or isolate,No explicit repository use; keep only after checking external API expectations.,outside explicit external-root closure
NP.eq_refl,eq_refl,NP,Lemma,False,33,38,6,35,38,4,1,NP.eq_equiv,1,NP.eq,0,,True,lib/Ordered.v:35;lib/Ordered.v:65;lib/Ordered.v:95;lib/Ordered.v:133;lib/Ordered.v:177;src/TInstr.v:28;src/CState.v:1204;VPL/coq/CIndex.v:68;syntax/SInstr.v:49,False,False,"{""apply"": 0, ""assert"": 0, ""auto"": 0, ""destruct"": 1, ""eapply"": 1, ""eauto"": 0, ""firstorder"": 0, ""inversion"": 0, ""lia"": 0, ""nia"": 0, ""pose proof"": 0, ""repeat"": 0, ""rewrite"": 0, ""specialize"": 0, ""subst"": 0, ""unfold"": 0}",legacy numbered-point set support,obsolete/compatibility block,retire or isolate,No explicit repository use; keep only after checking external API expectations.,outside explicit external-root closure
NP.eq_equiv,eq_equiv,NP,Lemma,False,39,64,26,41,64,24,0,,2,NP.eq;NP.eq_refl,0,,False,,False,False,"{""apply"": 1, ""assert"": 0, ""auto"": 0, ""destruct"": 8, ""eapply"": 2, ""eauto"": 3, ""firstorder"": 0, ""inversion"": 0, ""lia"": 0, ""nia"": 0, ""pose proof"": 0, ""repeat"": 0, ""rewrite"": 0, ""specialize"": 0, ""subst"": 1, ""unfold"": 1}",legacy numbered-point set support,obsolete/compatibility block,retire or isolate,No explicit repository use; keep only after checking external API expectations.,outside explicit external-root closure
NP.eq_dec,eq_dec,NP,Lemma,False,65,83,19,67,82,16,1,NP.eq_dec,3,NP.eq;NP.eq_dec;NP.t,0,,True,lib/Floats.v:275;lib/Floats.v:1050;lib/Integers.v:168;lib/Ordered.v:53;lib/Ordered.v:83;lib/Ordered.v:121;lib/Ordered.v:159;lib/Ordered.v:249;VPL/coq/ProgVar.v:32;VPL/coq/CIndex.v:373;VPL/coq/CIndex.v:544;VPL/coq/CIndex.v:572,False,False,"{""apply"": 0, ""assert"": 0, ""auto"": 0, ""destruct"": 5, ""eapply"": 0, ""eauto"": 1, ""firstorder"": 0, ""inversion"": 0, ""lia"": 0, ""nia"": 0, ""pose proof"": 0, ""repeat"": 0, ""rewrite"": 0, ""specialize"": 0, ""subst"": 2, ""unfold"": 0}",legacy numbered-point set support,obsolete/compatibility block,retire or isolate,No explicit repository use; keep only after checking external API expectations.,outside explicit external-root closure
NPSet,NPSet,top,Module,False,85,85,1,,,0,1,NPSetProp,0,,0,,False,,False,False,"{""apply"": 0, ""assert"": 0, ""auto"": 0, ""destruct"": 0, ""eapply"": 0, ""eauto"": 0, ""firstorder"": 0, ""inversion"": 0, ""lia"": 0, ""nia"": 0, ""pose proof"": 0, ""repeat"": 0, ""rewrite"": 0, ""specialize"": 0, ""subst"": 0, ""unfold"": 0}",legacy numbered-point set support,obsolete/compatibility block,retire or isolate,No explicit repository use; keep only after checking external API expectations.,outside explicit external-root closure
NPSetProp,NPSetProp,top,Module,False,86,86,1,,,0,0,,1,NPSet,0,,False,,False,False,"{""apply"": 0, ""assert"": 0, ""auto"": 0, ""destruct"": 0, ""eapply"": 0, ""eauto"": 0, ""firstorder"": 0, ""inversion"": 0, ""lia"": 0, ""nia"": 0, ""pose proof"": 0, ""repeat"": 0, ""rewrite"": 0, ""specialize"": 0, ""subst"": 0, ""unfold"": 0}",legacy numbered-point set support,obsolete/compatibility block,retire or isolate,No explicit repository use; keep only after checking external API expectations.,outside explicit external-root closure
listzz_strict_eqb,listzz_strict_eqb,top,Definition,False,88,93,6,,,0,3,listzz_strict_eqb_eq;listzz_strict_eq_eqb;listzzs_strict_eqb,1,list_beq,1,src/ISSWitness.v:56,False,,True,True,"{""apply"": 0, ""assert"": 0, ""auto"": 0, ""destruct"": 0, ""eapply"": 0, ""eauto"": 0, ""firstorder"": 0, ""inversion"": 0, ""lia"": 0, ""nia"": 0, ""pose proof"": 0, ""repeat"": 0, ""rewrite"": 0, ""specialize"": 0, ""subst"": 0, ""unfold"": 0}",affine/domain/access Boolean equality,PolyBase checker data layer,keep/organize,Keep domain-specific checks together; document strict structural versus extensional equality.,explicit external token root
listzz_strict_eqb_eq,listzz_strict_eqb_eq,top,Lemma,False,95,109,15,99,109,11,1,listzzs_strict_eqb_eq,1,listzz_strict_eqb,1,src/ISSWitness.v:65,False,,True,True,"{""apply"": 0, ""assert"": 0, ""auto"": 0, ""destruct"": 3, ""eapply"": 4, ""eauto"": 1, ""firstorder"": 0, ""inversion"": 0, ""lia"": 0, ""nia"": 0, ""pose proof"": 0, ""repeat"": 0, ""rewrite"": 0, ""specialize"": 0, ""subst"": 0, ""unfold"": 1}",affine/domain/access Boolean equality,PolyBase checker data layer,keep/organize,Keep domain-specific checks together; document strict structural versus extensional equality.,explicit external token root
listzz_strict_eq_eqb,listzz_strict_eq_eqb,top,Lemma,False,111,125,15,115,125,11,1,listzzs_strict_eq_eqb,1,listzz_strict_eqb,0,,False,,False,True,"{""apply"": 0, ""assert"": 0, ""auto"": 0, ""destruct"": 2, ""eapply"": 4, ""eauto"": 1, ""firstorder"": 0, ""inversion"": 0, ""lia"": 0, ""nia"": 0, ""pose proof"": 0, ""repeat"": 0, ""rewrite"": 0, ""specialize"": 0, ""subst"": 0, ""unfold"": 1}",affine/domain/access Boolean equality,PolyBase checker data layer,keep/organize,Keep domain-specific checks together; document strict structural versus extensional equality.,dependency of explicit external root
listzzs_strict_eqb,listzzs_strict_eqb,top,Definition,False,127,128,2,,,0,3,listzzs_strict_eqb_eq;listzzs_strict_eq_eqb;access_strict_eqb,3,Domain;list_beq;listzz_strict_eqb,27,src/ISSRefinement.v:48;src/ISSRefinement.v:52;src/ISSRefinement.v:55;src/ISSRefinement.v:79;src/TilingBoolChecker.v:178;src/TilingBoolChecker.v:182;src/TilingBoolChecker.v:186;src/TilingBoolChecker.v:212;src/TilingBoolChecker.v:215;src/TilingBoolChecker.v:218;src/TilingBandScheduleValidator.v:262;src/TilingBandScheduleValidator.v:2765;src/TilingBandScheduleValidator.v:2843;src/TilingBandScheduleValidator.v:3499;src/TilingBandScheduleValidator.v:3586;src/TilingBandScheduleValidator.v:5401;src/TilingBandScheduleValidator.v:5417;src/TilingBandScheduleValidator.v:21059;src/TilingBandScheduleValidator.v:21236;src/ISSBoolChecker.v:206;src/PolyLang.v:881;src/AffineValidator.v:272;src/AffineValidator.v:318;src/AffineValidator.v:340;src/AffineValidator.v:342;src/AffineValidator.v:343;src/TilingCanonicalScheduleValidator.v:30,False,,True,True,"{""apply"": 0, ""assert"": 0, ""auto"": 0, ""destruct"": 0, ""eapply"": 0, ""eauto"": 0, ""firstorder"": 0, ""inversion"": 0, ""lia"": 0, ""nia"": 0, ""pose proof"": 0, ""repeat"": 0, ""rewrite"": 0, ""specialize"": 0, ""subst"": 0, ""unfold"": 0}",affine/domain/access Boolean equality,PolyBase checker data layer,keep/organize,Keep domain-specific checks together; document strict structural versus extensional equality.,explicit external token root
listzzs_strict_eqb_eq,listzzs_strict_eqb_eq,top,Lemma,False,130,139,10,134,139,6,1,access_strict_eqb_eq,2,listzz_strict_eqb_eq;listzzs_strict_eqb,17,src/ISSRefinement.v:79;src/TilingBoolChecker.v:259;src/TilingBoolChecker.v:260;src/TilingBoolChecker.v:261;src/TilingBoolChecker.v:303;src/TilingBoolChecker.v:304;src/TilingBoolChecker.v:305;src/TilingBandScheduleValidator.v:5404;src/TilingBandScheduleValidator.v:5579;src/TilingBandScheduleValidator.v:6123;src/TilingBandScheduleValidator.v:22636;src/ISSBoolChecker.v:225;src/AffineValidator.v:870;src/AffineValidator.v:1030;src/AffineValidator.v:1032;src/AffineValidator.v:1033;src/TilingCanonicalScheduleValidator.v:68,False,,True,True,"{""apply"": 0, ""assert"": 0, ""auto"": 0, ""destruct"": 0, ""eapply"": 2, ""eauto"": 1, ""firstorder"": 0, ""inversion"": 0, ""lia"": 0, ""nia"": 0, ""pose proof"": 0, ""repeat"": 0, ""rewrite"": 0, ""specialize"": 0, ""subst"": 0, ""unfold"": 1}",affine/domain/access Boolean equality,PolyBase checker data layer,keep/organize,Keep domain-specific checks together; document strict structural versus extensional equality.,explicit external token root
listzzs_strict_eq_eqb,listzzs_strict_eq_eqb,top,Lemma,False,141,152,12,145,150,6,1,access_strict_eq_eqb,2,listzz_strict_eq_eqb;listzzs_strict_eqb,0,,False,,False,True,"{""apply"": 0, ""assert"": 0, ""auto"": 0, ""destruct"": 0, ""eapply"": 2, ""eauto"": 1, ""firstorder"": 0, ""inversion"": 0, ""lia"": 0, ""nia"": 0, ""pose proof"": 0, ""repeat"": 0, ""rewrite"": 0, ""specialize"": 0, ""subst"": 1, ""unfold"": 1}",affine/domain/access Boolean equality,PolyBase checker data layer,keep/organize,Keep domain-specific checks together; document strict structural versus extensional equality.,dependency of explicit external root
AffineFunction,AffineFunction,top,Definition,False,153,154,2,,,0,4,Schedule;Transformation;AccessFunction;make_poly_eq,0,,14,src/TilingRelation.v:40;src/TilingRelation.v:48;src/TilingRelation.v:57;src/AffineValidator.v:469;src/AffineValidator.v:474;src/AffineValidator.v:541;src/AffineValidator.v:5149;samples/CSample1.v:116;samples/CSample2.v:130;samples/CSample2.v:261;samples/CSample3.v:91;samples/CSample3.v:315;samples/CSample3.v:494;samples/CSample3.v:634,False,,True,True,"{""apply"": 0, ""assert"": 0, ""auto"": 0, ""destruct"": 0, ""eapply"": 0, ""eauto"": 0, ""firstorder"": 0, ""inversion"": 0, ""lia"": 0, ""nia"": 0, ""pose proof"": 0, ""repeat"": 0, ""rewrite"": 0, ""specialize"": 0, ""subst"": 0, ""unfold"": 0}",polyhedral core type/alias,PolyBase public foundation,keep,Widely consumed foundational API; organize under explicit type sections.,explicit external token root
Schedule,Schedule,top,Definition,False,156,156,1,,,0,9,make_poly_lt0_l;make_poly_lt0_r;make_poly_gt0_l;make_poly_gt0_r;make_poly_lt;make_poly_gt;make_poly_all0_l;make_poly_all0_r;make_poly_ge,1,AffineFunction,145,src/TilingRelation.v:74;src/Extractor.v:1420;src/Extractor.v:1469;src/Extractor.v:1750;src/TilingBandMixedSecondValidator.v:32;src/TilingBandScheduleValidator.v:183;src/TilingBandScheduleValidator.v:200;src/TilingBandScheduleValidator.v:229;src/TilingBandScheduleValidator.v:230;src/TilingBandScheduleValidator.v:251;src/TilingBandScheduleValidator.v:255;src/TilingBandScheduleValidator.v:269;src/TilingBandScheduleValidator.v:274;src/TilingBandScheduleValidator.v:279;src/TilingBandScheduleValidator.v:284;src/TilingBandScheduleValidator.v:288;src/TilingBandScheduleValidator.v:478;src/TilingBandScheduleValidator.v:502;src/TilingBandScheduleValidator.v:679;src/TilingBandScheduleValidator.v:2761;src/TilingBandScheduleValidator.v:2771;src/TilingBandScheduleValidator.v:2775;src/TilingBandScheduleValidator.v:2866;src/TilingBandScheduleValidator.v:3408;src/TilingBandScheduleValidator.v:3415;src/TilingBandScheduleValidator.v:3416;src/TilingBandScheduleValidator.v:3438;src/TilingBandScheduleValidator.v:3439;src/TilingBandScheduleValidator.v:3463;src/TilingBandScheduleValidator.v:3464;src/TilingBandScheduleValidator.v:3473;src/TilingBandScheduleValidator.v:3485;src/TilingBandScheduleValidator.v:3494;src/TilingBandScheduleValidator.v:3510;src/TilingBandScheduleValidator.v:3585;src/TilingBandScheduleValidator.v:9609;src/TilingBandScheduleValidator.v:9614;src/TilingBandScheduleValidator.v:14393;src/TilingBandScheduleValidator.v:14400;src/TilingBandScheduleValidator.v:14406;src/TilingBandScheduleValidator.v:14422;src/TilingBandScheduleValidator.v:14431;src/TilingBandScheduleValidator.v:14492;src/TilingBandScheduleValidator.v:14501;src/TilingBandScheduleValidator.v:14511;src/TilingBandScheduleValidator.v:14917;src/TilingBandScheduleValidator.v:15145;src/TilingBandScheduleValidator.v:15181;src/TilingBandScheduleValidator.v:15191;src/TilingBandScheduleValidator.v:15197;src/TilingBandScheduleValidator.v:15204;src/TilingBandScheduleValidator.v:15205;src/TilingBandScheduleValidator.v:15226;src/TilingBandScheduleValidator.v:15245;src/TilingBandScheduleValidator.v:15246;src/TilingBandScheduleValidator.v:15255;src/TilingBandScheduleValidator.v:15257;src/TilingBandScheduleValidator.v:15271;src/TilingBandScheduleValidator.v:15273;src/TilingBandScheduleValidator.v:15285;src/TilingBandScheduleValidator.v:15287;src/TilingBandScheduleValidator.v:15301;src/TilingBandScheduleValidator.v:15323;src/TilingBandScheduleValidator.v:15341;src/TilingBandScheduleValidator.v:15389;src/TilingBandScheduleValidator.v:15395;src/TilingBandScheduleValidator.v:15816;src/TilingBandScheduleValidator.v:15867;src/TilingBandScheduleValidator.v:15919;src/TilingBandScheduleValidator.v:16372;src/TilingBandScheduleValidator.v:17292;src/TilingBandScheduleValidator.v:17666;src/TilingBandScheduleValidator.v:17680;src/TilingBandScheduleValidator.v:17694;src/TilingBandScheduleValidator.v:17708;src/TilingBandScheduleValidator.v:21070;src/TilingBandScheduleValidator.v:21104;src/TilingBandScheduleValidator.v:21154;src/TilingBandScheduleValidator.v:21186;src/TilingBandScheduleValidator.v:21187;src/TilingBandScheduleValidator.v:21220;src/TilingBandScheduleValidator.v:21244;src/TilingBandScheduleValidator.v:21698;src/TilingBandScheduleValidator.v:21705;src/TilingBandScheduleValidator.v:24260;src/TilingBandScheduleValidator.v:24269;src/TilingBandScheduleValidator.v:24276;src/TilingBandScheduleValidator.v:24284;src/TilingBandScheduleValidator.v:24294;src/TilingBandScheduleValidator.v:24318;src/TilingBandScheduleValidator.v:24348;src/TilingBandScheduleValidator.v:24360;src/TilingBandScheduleValidator.v:24387;src/TilingBandScheduleValidator.v:24415;src/TilingBandScheduleValidator.v:24433;src/TilingBandScheduleValidator.v:24455;src/TilingBandScheduleValidator.v:24474;src/TilingBandScheduleValidator.v:24485;src/TilingBandScheduleValidator.v:24504;src/TilingBandScheduleValidator.v:24505;src/TilingBandScheduleValidator.v:24511;src/TilingBandScheduleValidator.v:24512;src/TilingBandScheduleValidator.v:24658;src/TilingBandScheduleValidator.v:24688;src/TilingBandScheduleValidator.v:24717;src/TilingBandScheduleValidator.v:24741;src/TilingBandScheduleValidator.v:26587;src/TilingBandScheduleValidator.v:26601;src/TilingBandScheduleValidator.v:26615;src/TilingBandScheduleValidator.v:26629;src/TilingBandPhaseScalarValidator.v:35;src/PolyLang.v:52;src/PolyLang.v:205;src/PolyLang.v:208;src/PolyLang.v:234;src/PolyLang.v:250;src/PolyLang.v:252;src/PolyLang.v:270;src/PolyLang.v:283;src/PolyLang.v:291;src/PolyLang.v:619;src/PolyLang.v:628;src/PolyLang.v:632;src/PolyLang.v:644;src/PolyLang.v:660;src/PolyLang.v:681;src/PolyLang.v:694;src/PolyLang.v:704;src/PolyLang.v:725;src/PolyLang.v:746;src/PolyLang.v:754;src/PolyLang.v:762;src/PolyLang.v:767;src/PolyLang.v:768;src/PolyLang.v:773;src/PolyLang.v:811;src/PolyLang.v:812;src/PolyLang.v:848;src/PolyLang.v:855;src/PolyLang.v:869;src/PolyLang.v:876;src/PolyLang.v:2780;src/PolyLang.v:3996;src/PolyLang.v:3997;src/WitnessedPolyLangDesign.v:18,False,,True,True,"{""apply"": 0, ""assert"": 0, ""auto"": 0, ""destruct"": 0, ""eapply"": 0, ""eauto"": 0, ""firstorder"": 0, ""inversion"": 0, ""lia"": 0, ""nia"": 0, ""pose proof"": 0, ""repeat"": 0, ""rewrite"": 0, ""specialize"": 0, ""subst"": 0, ""unfold"": 0}",polyhedral core type/alias,PolyBase public foundation,keep,Widely consumed foundational API; organize under explicit type sections.,explicit external token root
Transformation,Transformation,top,Definition,False,157,157,1,,,0,0,,1,AffineFunction,23,src/TilingRelation.v:390;src/PointWitness.v:82;src/PointWitness.v:91;src/PointWitness.v:146;src/PointWitness.v:158;src/PolyLang.v:54;src/PolyLang.v:55;src/PolyLang.v:1087;src/PolyLang.v:1223;src/PolyLang.v:1244;src/PolyLang.v:1248;src/PolyLang.v:1252;src/PolyLang.v:1257;src/PolyLang.v:1759;src/PolyLang.v:1760;src/PolyLang.v:3994;src/PolyLang.v:3995;src/AffineValidator.v:1105;src/AffineValidator.v:1186;src/WitnessedPolyLangDesign.v:19;src/WitnessedPolyLangDesign.v:41;src/WitnessedPolyLangDesign.v:45;polygen/InstanceListSema.v:40,False,,True,True,"{""apply"": 0, ""assert"": 0, ""auto"": 0, ""destruct"": 0, ""eapply"": 0, ""eauto"": 0, ""firstorder"": 0, ""inversion"": 0, ""lia"": 0, ""nia"": 0, ""pose proof"": 0, ""repeat"": 0, ""rewrite"": 0, ""specialize"": 0, ""subst"": 0, ""unfold"": 0}",polyhedral core type/alias,PolyBase public foundation,keep,Widely consumed foundational API; organize under explicit type sections.,explicit external token root
AccessFunction,AccessFunction,top,Definition,False,158,158,1,,,0,7,aff_func_dummy;access_eqb;opt_access_subset;access_strict_eqb;access_list_strict_eqb;exact_cell;valid_access_cells,1,AffineFunction,100,src/TilingRelation.v:69;src/TilingRelation.v:244;src/TilingRelation.v:245;src/Extractor.v:276;src/Extractor.v:279;src/Extractor.v:501;src/Extractor.v:504;src/Extractor.v:681;src/Extractor.v:682;src/TInstr.v:52;src/TInstr.v:107;src/TInstr.v:108;src/TInstr.v:110;src/TInstr.v:116;src/PrepareCodegen.v:43;src/PrepareCodegen.v:47;src/WitnessedInstrDesign.v:20;src/WitnessedInstrDesign.v:32;src/PolyLang.v:56;src/PolyLang.v:57;src/PolyLang.v:314;src/PolyLang.v:1019;src/PolyLang.v:1034;src/PolyLang.v:1045;src/PolyLang.v:1148;src/PolyLang.v:1155;src/PolyLang.v:3998;src/PolyLang.v:3999;src/PolyLang.v:4033;src/PolyLang.v:4041;src/AffineValidator.v:199;src/AffineValidator.v:204;src/AffineValidator.v:256;src/AffineValidator.v:262;src/AffineValidator.v:307;src/AffineValidator.v:313;src/AffineValidator.v:469;src/AffineValidator.v:474;src/AffineValidator.v:541;src/AffineValidator.v:805;src/AffineValidator.v:815;src/AffineValidator.v:839;src/AffineValidator.v:856;src/AffineValidator.v:2450;src/AffineValidator.v:2459;src/AffineValidator.v:2468;src/AffineValidator.v:2587;src/AffineValidator.v:2589;src/AffineValidator.v:2604;src/AffineValidator.v:2606;src/AffineValidator.v:2643;src/AffineValidator.v:2645;src/AffineValidator.v:2661;src/AffineValidator.v:2663;src/AffineValidator.v:5148;src/CInstr.v:691;src/CInstr.v:1250;src/CInstr.v:1260;src/CInstr.v:1283;src/CInstr.v:1293;src/CInstr.v:1316;src/CInstr.v:1324;src/CInstr.v:1327;src/CInstr.v:1334;src/CInstr.v:1351;src/CInstr.v:1365;src/WitnessedPolyLangDesign.v:21;src/WitnessedPolyLangDesign.v:22;polygen/InstrTy.v:61;polygen/InstrTy.v:62;polygen/InstrTy.v:65;polygen/InstrTy.v:74;syntax/SInstr.v:183;syntax/SInstr.v:195;syntax/SInstr.v:226;syntax/SInstr.v:230;syntax/SInstr.v:585;syntax/SInstr.v:591;syntax/SInstr.v:598;syntax/SInstr.v:605;syntax/SInstr.v:635;syntax/SInstr.v:644;syntax/SInstr.v:656;syntax/SInstr.v:660;syntax/SInstr.v:686;syntax/SInstr.v:689;samples/CSample1.v:136;samples/CSample1.v:179;samples/CSample2.v:150;samples/CSample2.v:182;samples/CSample2.v:279;samples/CSample2.v:311;samples/CSample3.v:109;samples/CSample3.v:152;samples/CSample3.v:333;samples/CSample3.v:368;samples/CSample3.v:510;samples/CSample3.v:533;samples/CSample3.v:651;samples/CSample3.v:686,False,,True,True,"{""apply"": 0, ""assert"": 0, ""auto"": 0, ""destruct"": 0, ""eapply"": 0, ""eauto"": 0, ""firstorder"": 0, ""inversion"": 0, ""lia"": 0, ""nia"": 0, ""pose proof"": 0, ""repeat"": 0, ""rewrite"": 0, ""specialize"": 0, ""subst"": 0, ""unfold"": 0}",polyhedral core type/alias,PolyBase public foundation,keep,Widely consumed foundational API; organize under explicit type sections.,explicit external token root
aff_func_dummy,aff_func_dummy,top,Definition,False,159,159,1,,,0,0,,1,AccessFunction,4,src/PolyLang.v:68;src/PolyLang.v:69;src/PolyLang.v:4011;src/PolyLang.v:4012,False,,True,True,"{""apply"": 0, ""assert"": 0, ""auto"": 0, ""destruct"": 0, ""eapply"": 0, ""eauto"": 0, ""firstorder"": 0, ""inversion"": 0, ""lia"": 0, ""nia"": 0, ""pose proof"": 0, ""repeat"": 0, ""rewrite"": 0, ""specialize"": 0, ""subst"": 0, ""unfold"": 0}",polyhedral core type/alias,PolyBase public foundation,keep,Widely consumed foundational API; organize under explicit type sections.,explicit external token root
listzzs_eqb,listzzs_eqb,top,Definition,False,161,168,8,,,0,1,access_eqb,0,,1,syntax/SInstr.v:559,False,,True,True,"{""apply"": 0, ""assert"": 0, ""auto"": 0, ""destruct"": 0, ""eapply"": 0, ""eauto"": 0, ""firstorder"": 0, ""inversion"": 0, ""lia"": 0, ""nia"": 0, ""pose proof"": 0, ""repeat"": 0, ""rewrite"": 0, ""specialize"": 0, ""subst"": 0, ""unfold"": 0}",affine/domain/access Boolean equality,PolyBase checker data layer,keep/organize,Keep domain-specific checks together; document strict structural versus extensional equality.,explicit external token root
access_eqb,access_eqb,top,Definition,False,170,180,11,,,0,1,opt_access_subset,2,AccessFunction;listzzs_eqb,2,syntax/SInstr.v:575;syntax/SInstr.v:657,False,,True,True,"{""apply"": 0, ""assert"": 0, ""auto"": 0, ""destruct"": 0, ""eapply"": 0, ""eauto"": 0, ""firstorder"": 0, ""inversion"": 0, ""lia"": 0, ""nia"": 0, ""pose proof"": 0, ""repeat"": 0, ""rewrite"": 0, ""specialize"": 0, ""subst"": 0, ""unfold"": 0}",affine/domain/access Boolean equality,PolyBase checker data layer,keep/organize,Keep domain-specific checks together; document strict structural versus extensional equality.,explicit external token root
opt_access_subset,opt_access_subset,top,Definition,False,182,187,6,,,0,0,,2,AccessFunction;access_eqb,14,samples/CSample1.v:293;samples/CSample1.v:299;samples/CSample2.v:477;samples/CSample2.v:478;samples/CSample2.v:482;samples/CSample2.v:483;samples/CSample3.v:887;samples/CSample3.v:888;samples/CSample3.v:889;samples/CSample3.v:890;samples/CSample3.v:894;samples/CSample3.v:895;samples/CSample3.v:896;samples/CSample3.v:897,False,,True,True,"{""apply"": 0, ""assert"": 0, ""auto"": 0, ""destruct"": 0, ""eapply"": 0, ""eauto"": 0, ""firstorder"": 0, ""inversion"": 0, ""lia"": 0, ""nia"": 0, ""pose proof"": 0, ""repeat"": 0, ""rewrite"": 0, ""specialize"": 0, ""subst"": 0, ""unfold"": 0}",affine/domain/access Boolean equality,PolyBase checker data layer,keep/organize,Keep domain-specific checks together; document strict structural versus extensional equality.,explicit external token root
access_strict_eqb,access_strict_eqb,top,Definition,False,189,192,4,,,0,3,access_strict_eqb_eq;access_strict_eq_eqb;access_list_strict_eqb,2,AccessFunction;listzzs_strict_eqb,0,,False,,False,True,"{""apply"": 0, ""assert"": 0, ""auto"": 0, ""destruct"": 0, ""eapply"": 0, ""eauto"": 0, ""firstorder"": 0, ""inversion"": 0, ""lia"": 0, ""nia"": 0, ""pose proof"": 0, ""repeat"": 0, ""rewrite"": 0, ""specialize"": 0, ""subst"": 0, ""unfold"": 0}",affine/domain/access Boolean equality,PolyBase checker data layer,keep/organize,Keep domain-specific checks together; document strict structural versus extensional equality.,dependency of explicit external root
access_strict_eqb_eq,access_strict_eqb_eq,top,Lemma,False,194,208,15,198,208,11,1,access_list_strict_eqb_eq,2,access_strict_eqb;listzzs_strict_eqb_eq,0,,False,,False,True,"{""apply"": 0, ""assert"": 0, ""auto"": 0, ""destruct"": 3, ""eapply"": 3, ""eauto"": 0, ""firstorder"": 0, ""inversion"": 0, ""lia"": 0, ""nia"": 0, ""pose proof"": 0, ""repeat"": 0, ""rewrite"": 0, ""specialize"": 0, ""subst"": 0, ""unfold"": 1}",affine/domain/access Boolean equality,PolyBase checker data layer,keep/organize,Keep domain-specific checks together; document strict structural versus extensional equality.,dependency of explicit external root
access_strict_eq_eqb,access_strict_eq_eqb,top,Lemma,False,210,223,14,214,223,10,1,access_list_strict_eq_eqb,2,access_strict_eqb;listzzs_strict_eq_eqb,0,,False,,False,True,"{""apply"": 0, ""assert"": 0, ""auto"": 0, ""destruct"": 2, ""eapply"": 2, ""eauto"": 0, ""firstorder"": 0, ""inversion"": 0, ""lia"": 0, ""nia"": 0, ""pose proof"": 0, ""repeat"": 0, ""rewrite"": 1, ""specialize"": 0, ""subst"": 0, ""unfold"": 1}",affine/domain/access Boolean equality,PolyBase checker data layer,keep/organize,Keep domain-specific checks together; document strict structural versus extensional equality.,dependency of explicit external root
access_list_strict_eqb,access_list_strict_eqb,top,Definition,False,225,226,2,,,0,2,access_list_strict_eqb_eq;access_list_strict_eq_eqb,3,AccessFunction;access_strict_eqb;list_beq,10,src/ISSRefinement.v:58;src/ISSRefinement.v:61;src/ISSRefinement.v:82;src/TilingBoolChecker.v:190;src/TilingBoolChecker.v:193;src/TilingBoolChecker.v:222;src/TilingBoolChecker.v:225;src/TInstr.v:65;src/AffineValidator.v:344;src/AffineValidator.v:345,False,,True,True,"{""apply"": 0, ""assert"": 0, ""auto"": 0, ""destruct"": 0, ""eapply"": 0, ""eauto"": 0, ""firstorder"": 0, ""inversion"": 0, ""lia"": 0, ""nia"": 0, ""pose proof"": 0, ""repeat"": 0, ""rewrite"": 0, ""specialize"": 0, ""subst"": 0, ""unfold"": 0}",affine/domain/access Boolean equality,PolyBase checker data layer,keep/organize,Keep domain-specific checks together; document strict structural versus extensional equality.,explicit external token root
access_list_strict_eqb_eq,access_list_strict_eqb_eq,top,Lemma,False,228,237,10,232,237,6,0,,2,access_list_strict_eqb;access_strict_eqb_eq,9,src/ISSRefinement.v:83;src/TilingBoolChecker.v:262;src/TilingBoolChecker.v:263;src/TilingBoolChecker.v:306;src/TilingBoolChecker.v:307;src/TInstr.v:73;src/TInstr.v:74;src/AffineValidator.v:1034;src/AffineValidator.v:1035,False,,True,True,"{""apply"": 0, ""assert"": 0, ""auto"": 0, ""destruct"": 0, ""eapply"": 2, ""eauto"": 0, ""firstorder"": 0, ""inversion"": 0, ""lia"": 0, ""nia"": 0, ""pose proof"": 0, ""repeat"": 0, ""rewrite"": 0, ""specialize"": 0, ""subst"": 0, ""unfold"": 1}",affine/domain/access Boolean equality,PolyBase checker data layer,keep/organize,Keep domain-specific checks together; document strict structural versus extensional equality.,explicit external token root
access_list_strict_eq_eqb,access_list_strict_eq_eqb,top,Lemma,False,239,249,11,243,249,7,0,,2,access_list_strict_eqb;access_strict_eq_eqb,2,src/TInstr.v:79;src/TInstr.v:80,False,,True,True,"{""apply"": 0, ""assert"": 0, ""auto"": 0, ""destruct"": 1, ""eapply"": 1, ""eauto"": 0, ""firstorder"": 0, ""inversion"": 0, ""lia"": 0, ""nia"": 0, ""pose proof"": 0, ""repeat"": 0, ""rewrite"": 2, ""specialize"": 0, ""subst"": 1, ""unfold"": 0}",affine/domain/access Boolean equality,PolyBase checker data layer,keep/organize,Keep domain-specific checks together; document strict structural versus extensional equality.,explicit external token root
DomIndex,DomIndex,top,Definition,False,251,251,1,,,0,2,exact_cell;valid_access_cells,0,,7,src/ISSRefinement.v:125;src/ISSRefinement.v:130;src/ISSRefinement.v:421;src/ISSRefinement.v:429;src/PolyLang.v:1758;src/ISSSemantics.v:63;polygen/InstanceListSema.v:39,False,,True,True,"{""apply"": 0, ""assert"": 0, ""auto"": 0, ""destruct"": 0, ""eapply"": 0, ""eauto"": 0, ""firstorder"": 0, ""inversion"": 0, ""lia"": 0, ""nia"": 0, ""pose proof"": 0, ""repeat"": 0, ""rewrite"": 0, ""specialize"": 0, ""subst"": 0, ""unfold"": 0}",polyhedral core type/alias,PolyBase public foundation,keep,Widely consumed foundational API; organize under explicit type sections.,explicit external token root
MemCell,MemCell,top,Record,False,253,256,4,,,0,4,exact_cell;cell_eq;cell_neq;valid_access_cells,0,,17,src/TInstr.v:59;src/CState.v:1496;src/CState.v:1511;src/CState.v:1542;src/CInstr.v:371;src/CInstr.v:384;src/CInstr.v:408;polygen/InstrTy.v:36;syntax/SInstr.v:45;syntax/SInstr.v:234;syntax/SInstr.v:287;syntax/SInstr.v:297;syntax/SInstr.v:324;syntax/SInstr.v:354;syntax/SInstr.v:376;syntax/SInstr.v:402;syntax/SInstr.v:546,False,,True,True,"{""apply"": 0, ""assert"": 0, ""auto"": 0, ""destruct"": 0, ""eapply"": 0, ""eauto"": 0, ""firstorder"": 0, ""inversion"": 0, ""lia"": 0, ""nia"": 0, ""pose proof"": 0, ""repeat"": 0, ""rewrite"": 0, ""specialize"": 0, ""subst"": 0, ""unfold"": 0}",memory-cell relation/model,PolyBase memory model,keep,Public semantic data used by validators and instruction semantics.,explicit external token root
exact_cell,exact_cell,top,Definition,False,258,263,6,,,0,1,valid_access_cells,3,AccessFunction;DomIndex;MemCell,58,src/TilingRelation.v:746;src/TilingRelation.v:747;src/TilingRelation.v:1808;src/TilingRelation.v:1811;src/TilingRelation.v:1829;src/TilingRelation.v:1832;src/TilingRelation.v:1965;src/TilingRelation.v:1968;src/TilingRelation.v:1988;src/TilingRelation.v:1991;src/TilingRelation.v:2011;src/TilingRelation.v:2016;src/TilingRelation.v:2030;src/TilingRelation.v:2035;src/TilingRelation.v:2059;src/TilingRelation.v:2064;src/TilingRelation.v:2098;src/TilingRelation.v:2103;src/AffineValidator.v:2298;src/AffineValidator.v:2368;src/AffineValidator.v:2421;src/AffineValidator.v:2454;src/AffineValidator.v:2455;src/AffineValidator.v:2463;src/AffineValidator.v:2464;src/AffineValidator.v:2481;src/AffineValidator.v:2508;src/AffineValidator.v:2514;src/AffineValidator.v:2520;src/AffineValidator.v:2591;src/AffineValidator.v:2592;src/AffineValidator.v:2608;src/AffineValidator.v:2609;src/AffineValidator.v:2647;src/AffineValidator.v:2648;src/AffineValidator.v:2665;src/AffineValidator.v:2666;src/AffineValidator.v:2704;src/AffineValidator.v:2705;src/AffineValidator.v:2713;src/AffineValidator.v:2714;src/AffineValidator.v:2733;src/AffineValidator.v:2734;src/AffineValidator.v:2742;src/AffineValidator.v:2743;src/AffineValidator.v:5185;src/AffineValidator.v:5186;src/AffineValidator.v:5411;src/AffineValidator.v:5416;src/AffineValidator.v:5480;src/AffineValidator.v:5485;src/AffineValidator.v:5549;src/AffineValidator.v:5554;src/CInstr.v:619;src/CInstr.v:683;src/CInstr.v:701;syntax/SInstr.v:235;syntax/SInstr.v:576,False,,True,True,"{""apply"": 0, ""assert"": 0, ""auto"": 0, ""destruct"": 0, ""eapply"": 0, ""eauto"": 0, ""firstorder"": 0, ""inversion"": 0, ""lia"": 0, ""nia"": 0, ""pose proof"": 0, ""repeat"": 0, ""rewrite"": 0, ""specialize"": 0, ""subst"": 0, ""unfold"": 0}",memory-cell relation/model,PolyBase memory model,keep,Public semantic data used by validators and instruction semantics.,explicit external token root
cell_eq,cell_eq,top,Definition,False,265,266,2,,,0,4,cell_eq_proper;cell_neq_proper;cell_eq_symm;valid_access_cells,1,MemCell,11,src/CInstr.v:619;src/CInstr.v:637;src/CInstr.v:648;src/CInstr.v:662;src/CInstr.v:683;src/CInstr.v:687;src/CInstr.v:701;syntax/SInstr.v:287;syntax/SInstr.v:414;syntax/SInstr.v:417;syntax/SInstr.v:576,False,,True,True,"{""apply"": 0, ""assert"": 0, ""auto"": 0, ""destruct"": 0, ""eapply"": 0, ""eauto"": 0, ""firstorder"": 0, ""inversion"": 0, ""lia"": 0, ""nia"": 0, ""pose proof"": 0, ""repeat"": 0, ""rewrite"": 0, ""specialize"": 0, ""subst"": 0, ""unfold"": 0}",memory-cell relation/model,PolyBase memory model,keep,Public semantic data used by validators and instruction semantics.,explicit external token root
cell_neq,cell_neq,top,Definition,False,268,269,2,,,0,2,cell_neq_proper;cell_neq_symm,1,MemCell,50,src/TInstr.v:131;src/TInstr.v:137;src/TInstr.v:143;src/AffineValidator.v:2298;src/AffineValidator.v:2368;src/AffineValidator.v:2421;src/AffineValidator.v:2453;src/AffineValidator.v:2463;src/AffineValidator.v:2481;src/AffineValidator.v:2484;src/AffineValidator.v:2508;src/AffineValidator.v:2514;src/AffineValidator.v:2520;src/AffineValidator.v:2590;src/AffineValidator.v:2607;src/AffineValidator.v:2646;src/AffineValidator.v:2664;src/AffineValidator.v:2703;src/AffineValidator.v:2712;src/AffineValidator.v:2732;src/AffineValidator.v:2741;src/AffineValidator.v:5184;src/AffineValidator.v:5410;src/AffineValidator.v:5479;src/AffineValidator.v:5548;src/CState.v:1699;src/CState.v:1790;src/CState.v:1828;src/CState.v:1847;src/CState.v:1902;src/CInstr.v:738;src/CInstr.v:1473;src/CInstr.v:1479;src/CInstr.v:1485;src/CInstr.v:1556;polygen/InstrTy.v:91;polygen/InstrTy.v:97;polygen/InstrTy.v:103;syntax/SInstr.v:432;syntax/SInstr.v:459;syntax/SInstr.v:547;syntax/SInstr.v:548;syntax/SInstr.v:790;syntax/SInstr.v:837;syntax/SInstr.v:938;syntax/SInstr.v:939;syntax/SInstr.v:940;syntax/SInstr.v:975;syntax/SInstr.v:981;syntax/SInstr.v:988,False,,True,True,"{""apply"": 0, ""assert"": 0, ""auto"": 0, ""destruct"": 0, ""eapply"": 0, ""eauto"": 0, ""firstorder"": 0, ""inversion"": 0, ""lia"": 0, ""nia"": 0, ""pose proof"": 0, ""repeat"": 0, ""rewrite"": 0, ""specialize"": 0, ""subst"": 0, ""unfold"": 0}",memory-cell relation/model,PolyBase memory model,keep,Public semantic data used by validators and instruction semantics.,explicit external token root
cell_eq_proper,cell_eq_proper,top,Instance,False,271,281,11,272,281,10,0,,1,cell_eq,0,,False,,False,False,"{""apply"": 0, ""assert"": 0, ""auto"": 0, ""destruct"": 0, ""eapply"": 6, ""eauto"": 4, ""firstorder"": 2, ""inversion"": 0, ""lia"": 2, ""nia"": 0, ""pose proof"": 0, ""repeat"": 0, ""rewrite"": 0, ""specialize"": 0, ""subst"": 0, ""unfold"": 0}",memory-cell relation instance,PolyBase memory model,audit implicit use,"No explicit name use, but typeclass/setoid use is not visible to lexical reachability.",outside explicit external-root closure
cell_neq_proper,cell_neq_proper,top,Instance,False,283,295,13,284,295,12,0,,2,cell_eq;cell_neq,1,src/AffineValidator.v:2496,False,,True,True,"{""apply"": 2, ""assert"": 0, ""auto"": 0, ""destruct"": 0, ""eapply"": 6, ""eauto"": 4, ""firstorder"": 2, ""inversion"": 0, ""lia"": 2, ""nia"": 0, ""pose proof"": 0, ""repeat"": 0, ""rewrite"": 0, ""specialize"": 0, ""subst"": 0, ""unfold"": 0}",memory-cell relation/model,PolyBase memory model,keep,Public semantic data used by validators and instruction semantics.,explicit external token root
cell_eq_symm,cell_eq_symm,top,Instance,False,297,300,4,298,300,3,0,,1,cell_eq,2,src/AffineValidator.v:2498;src/AffineValidator.v:2499,False,,True,True,"{""apply"": 0, ""assert"": 0, ""auto"": 0, ""destruct"": 0, ""eapply"": 1, ""eauto"": 0, ""firstorder"": 1, ""inversion"": 0, ""lia"": 0, ""nia"": 0, ""pose proof"": 0, ""repeat"": 0, ""rewrite"": 0, ""specialize"": 0, ""subst"": 0, ""unfold"": 0}",memory-cell relation/model,PolyBase memory model,keep,Public semantic data used by validators and instruction semantics.,explicit external token root
cell_neq_symm,cell_neq_symm,top,Lemma,False,302,313,12,305,313,9,0,,1,cell_neq,8,src/AffineValidator.v:2618;src/AffineValidator.v:2657;src/AffineValidator.v:2675;src/AffineValidator.v:2752;src/CInstr.v:749;src/CInstr.v:752;src/CInstr.v:1579;syntax/SInstr.v:985,False,,True,True,"{""apply"": 2, ""assert"": 0, ""auto"": 0, ""destruct"": 2, ""eapply"": 2, ""eauto"": 4, ""firstorder"": 0, ""inversion"": 0, ""lia"": 0, ""nia"": 0, ""pose proof"": 0, ""repeat"": 0, ""rewrite"": 0, ""specialize"": 0, ""subst"": 0, ""unfold"": 0}",memory-cell relation/model,PolyBase memory model,keep,Public semantic data used by validators and instruction semantics.,explicit external token root
valid_access_cells,valid_access_cells,top,Definition,False,315,319,5,,,0,0,,5,AccessFunction;DomIndex;MemCell;cell_eq;exact_cell,26,src/TInstr.v:114;src/WitnessedInstrDesign.v:28;src/WitnessedInstrDesign.v:29;src/AffineValidator.v:2475;src/AffineValidator.v:2476;src/CInstr.v:1320;src/CInstr.v:1378;src/CInstr.v:1382;src/CInstr.v:1408;src/CInstr.v:1412;src/CInstr.v:1414;src/CInstr.v:1424;polygen/InstrTy.v:68;syntax/SInstr.v:521;syntax/SInstr.v:523;syntax/SInstr.v:527;syntax/SInstr.v:528;syntax/SInstr.v:529;syntax/SInstr.v:531;syntax/SInstr.v:536;syntax/SInstr.v:537;syntax/SInstr.v:647;syntax/SInstr.v:700;syntax/SInstr.v:703;syntax/SInstr.v:711;syntax/SInstr.v:763,False,,True,True,"{""apply"": 0, ""assert"": 0, ""auto"": 0, ""destruct"": 0, ""eapply"": 0, ""eauto"": 0, ""firstorder"": 0, ""inversion"": 0, ""lia"": 0, ""nia"": 0, ""pose proof"": 0, ""repeat"": 0, ""rewrite"": 0, ""specialize"": 0, ""subst"": 0, ""unfold"": 0}",memory-cell relation/model,PolyBase memory model,keep,Public semantic data used by validators and instruction semantics.,explicit external token root
TimeStamp,TimeStamp,top,Definition,False,321,321,1,,,0,0,,0,,3,src/PolyLang.v:1761;src/PolyLang.v:1762;polygen/InstanceListSema.v:41,False,,True,True,"{""apply"": 0, ""assert"": 0, ""auto"": 0, ""destruct"": 0, ""eapply"": 0, ""eauto"": 0, ""firstorder"": 0, ""inversion"": 0, ""lia"": 0, ""nia"": 0, ""pose proof"": 0, ""repeat"": 0, ""rewrite"": 0, ""specialize"": 0, ""subst"": 0, ""unfold"": 0}",polyhedral core type/alias,PolyBase public foundation,keep,Widely consumed foundational API; organize under explicit type sections.,explicit external token root
V0,V0,top,Definition,False,323,323,1,,,0,25,opp_v0_v0;v0_n_app_1_dot_product_p_is_nth_p;dot_product_v0_with_shorter_is_0;make_constr_lt0_l;make_constr_lt0_l_correct;make_constr_lt0_r;make_constr_lt0_r_correct;make_constrs_eq0_l;make_constrs_eq0_l_correct;make_constrs_eq0_r;make_constrs_eq0_r_correct;make_constr_gt0_l;make_constr_gt0_l_correct;make_constr_gt0_r;make_constr_gt0_r_correct;make_poly_all0_l;make_poly_all0_l_correct;make_poly_all0_r;make_poly_all0_r_correct;constr_transl_l;constr_transl_l_correct;constr_transl_r;constr_transl_r_correct;make_poly_env_eq';make_poly_env_eq'_correct,0,,21,src/TilingBandScheduleValidator.v:4767;src/TilingBandScheduleValidator.v:4771;src/TilingBandScheduleValidator.v:4775;src/TilingBandScheduleValidator.v:4777;src/TilingBandScheduleValidator.v:4784;src/PolyLang.v:1088;src/CInstr.v:314;src/ParallelValidator.v:54;src/ParallelValidator.v:483;src/ParallelValidator.v:496;src/ParallelValidator.v:500;src/ParallelValidator.v:501;src/ParallelValidator.v:505;src/ParallelValidator.v:509;src/ParallelValidator.v:511;src/ParallelValidator.v:524;src/ParallelValidator.v:526;src/ParallelValidator.v:527;src/ParallelValidator.v:532;polygen/Loop.v:273;syntax/SInstr.v:164,False,,True,True,"{""apply"": 0, ""assert"": 0, ""auto"": 0, ""destruct"": 0, ""eapply"": 0, ""eauto"": 0, ""firstorder"": 0, ""inversion"": 0, ""lia"": 0, ""nia"": 0, ""pose proof"": 0, ""repeat"": 1, ""rewrite"": 0, ""specialize"": 0, ""subst"": 0, ""unfold"": 0}",generic vector/dot-product fact,Linalg or LinalgExt,move/wrap,"Move beside vector negation, dot product, or assign; preserve PolyBase-facing names if needed.",explicit external token root
Vopp,Vopp,top,Definition,False,325,326,2,,,0,1,Vopp,1,Vopp,1,src/ISSRefinement.v:204,False,,True,True,"{""apply"": 0, ""assert"": 0, ""auto"": 0, ""destruct"": 0, ""eapply"": 0, ""eauto"": 0, ""firstorder"": 0, ""inversion"": 0, ""lia"": 0, ""nia"": 0, ""pose proof"": 0, ""repeat"": 0, ""rewrite"": 0, ""specialize"": 0, ""subst"": 0, ""unfold"": 0}",generic vector/dot-product fact,Linalg or LinalgExt,move/wrap,"Move beside vector negation, dot product, or assign; preserve PolyBase-facing names if needed.",explicit external token root
opp_app,opp_app,top,Lemma,False,328,339,12,331,339,9,5,make_constrs_eq0_l_correct;make_constrs_eq0_r_correct;make_constrs_eq_correct;make_poly_all0_l_correct;make_poly_all0_r_correct,0,,0,,False,,False,True,"{""apply"": 0, ""assert"": 0, ""auto"": 0, ""destruct"": 0, ""eapply"": 0, ""eauto"": 0, ""firstorder"": 0, ""inversion"": 0, ""lia"": 0, ""nia"": 0, ""pose proof"": 0, ""repeat"": 0, ""rewrite"": 1, ""specialize"": 0, ""subst"": 0, ""unfold"": 0}",generic vector/dot-product fact,Linalg or LinalgExt,move/wrap,"Move beside vector negation, dot product, or assign; preserve PolyBase-facing names if needed.",dependency of explicit external root
opp_opp,opp_opp,top,Lemma,False,341,353,13,344,353,10,3,make_constrs_eq_correct;make_poly_all0_l_correct;make_poly_all0_r_correct,0,,0,,False,,False,True,"{""apply"": 0, ""assert"": 0, ""auto"": 0, ""destruct"": 0, ""eapply"": 0, ""eauto"": 0, ""firstorder"": 0, ""inversion"": 0, ""lia"": 0, ""nia"": 0, ""pose proof"": 0, ""repeat"": 0, ""rewrite"": 2, ""specialize"": 0, ""subst"": 0, ""unfold"": 0}",generic vector/dot-product fact,Linalg or LinalgExt,move/wrap,"Move beside vector negation, dot product, or assign; preserve PolyBase-facing names if needed.",dependency of explicit external root
opp_v0_v0,opp_v0_v0,top,Lemma,False,355,362,8,358,362,5,4,make_constrs_eq0_l_correct;make_constrs_eq0_r_correct;make_poly_all0_l_correct;make_poly_all0_r_correct,1,V0,0,,False,,False,True,"{""apply"": 0, ""assert"": 0, ""auto"": 0, ""destruct"": 0, ""eapply"": 2, ""eauto"": 0, ""firstorder"": 0, ""inversion"": 0, ""lia"": 0, ""nia"": 0, ""pose proof"": 0, ""repeat"": 1, ""rewrite"": 0, ""specialize"": 0, ""subst"": 0, ""unfold"": 2}",generic vector/dot-product fact,Linalg or LinalgExt,move/wrap,"Move beside vector negation, dot product, or assign; preserve PolyBase-facing names if needed.",dependency of explicit external root
v0_n_app_1_dot_product_p_is_nth_p,v0_n_app_1_dot_product_p_is_nth_p,top,Lemma,False,364,374,11,368,374,7,0,,1,V0,2,src/CInstr.v:558;polygen/Loop.v:503,False,,True,True,"{""apply"": 0, ""assert"": 0, ""auto"": 0, ""destruct"": 3, ""eapply"": 1, ""eauto"": 0, ""firstorder"": 0, ""inversion"": 0, ""lia"": 1, ""nia"": 0, ""pose proof"": 0, ""repeat"": 0, ""rewrite"": 0, ""specialize"": 0, ""subst"": 0, ""unfold"": 0}",generic vector/dot-product fact,Linalg or LinalgExt,move/wrap,"Move beside vector negation, dot product, or assign; preserve PolyBase-facing names if needed.",explicit external token root
dot_product_v0_with_shorter_is_0,dot_product_v0_with_shorter_is_0,top,Lemma,False,376,391,16,380,391,12,0,,1,V0,1,polygen/Loop.v:510,False,,True,True,"{""apply"": 0, ""assert"": 1, ""auto"": 0, ""destruct"": 1, ""eapply"": 2, ""eauto"": 0, ""firstorder"": 0, ""inversion"": 0, ""lia"": 4, ""nia"": 0, ""pose proof"": 0, ""repeat"": 0, ""rewrite"": 1, ""specialize"": 0, ""subst"": 1, ""unfold"": 0}",generic vector/dot-product fact,Linalg or LinalgExt,move/wrap,"Move beside vector negation, dot product, or assign; preserve PolyBase-facing names if needed.",explicit external token root
dot_product_opp_l,dot_product_opp_l,top,Lemma,False,393,408,16,396,408,13,0,,0,,2,src/CInstr.v:562;src/CInstr.v:586,False,,True,True,"{""apply"": 0, ""assert"": 0, ""auto"": 0, ""destruct"": 2, ""eapply"": 0, ""eauto"": 0, ""firstorder"": 0, ""inversion"": 0, ""lia"": 1, ""nia"": 0, ""pose proof"": 0, ""repeat"": 0, ""rewrite"": 1, ""specialize"": 0, ""subst"": 0, ""unfold"": 0}",generic vector/dot-product fact,Linalg or LinalgExt,move/wrap,"Move beside vector negation, dot product, or assign; preserve PolyBase-facing names if needed.",explicit external token root
dot_product_opp_r,dot_product_opp_r,top,Lemma,False,410,427,18,413,425,13,9,make_constrs_eq0_l_correct;make_constrs_eq0_r_correct;make_constr_gt0_l_correct;make_constr_gt0_r_correct;make_constr_lt_correct;make_constrs_eq_correct;make_constr_gt_correct;make_poly_all0_l_correct;make_poly_all0_r_correct,0,,0,,False,,False,True,"{""apply"": 0, ""assert"": 0, ""auto"": 0, ""destruct"": 2, ""eapply"": 0, ""eauto"": 0, ""firstorder"": 0, ""inversion"": 0, ""lia"": 1, ""nia"": 0, ""pose proof"": 0, ""repeat"": 0, ""rewrite"": 1, ""specialize"": 0, ""subst"": 0, ""unfold"": 0}",generic vector/dot-product fact,Linalg or LinalgExt,move/wrap,"Move beside vector negation, dot product, or assign; preserve PolyBase-facing names if needed.",dependency of explicit external root
make_constr_lt0_l,make_constr_lt0_l,top,Definition,False,429,432,4,,,0,2,make_constr_lt0_l_correct;make_poly_lt0_l,1,V0,0,,False,,False,True,"{""apply"": 0, ""assert"": 0, ""auto"": 0, ""destruct"": 0, ""eapply"": 0, ""eauto"": 0, ""firstorder"": 0, ""inversion"": 0, ""lia"": 0, ""nia"": 0, ""pose proof"": 0, ""repeat"": 0, ""rewrite"": 0, ""specialize"": 0, ""subst"": 0, ""unfold"": 0}",lexicographic-vs-zero constraint helper,PolyBase lex-constraint implementation,refactor symmetry,Internal live helper family; unify four left/right and lt/gt proof schemas while preserving definitions/paths.,dependency of explicit external root
make_constr_lt0_l_correct,make_constr_lt0_l_correct,top,Lemma,False,434,446,13,439,446,8,1,make_poly_lt0_l_correct,2,V0;make_constr_lt0_l,0,,False,,False,True,"{""apply"": 0, ""assert"": 0, ""auto"": 0, ""destruct"": 0, ""eapply"": 0, ""eauto"": 0, ""firstorder"": 0, ""inversion"": 0, ""lia"": 1, ""nia"": 0, ""pose proof"": 0, ""repeat"": 0, ""rewrite"": 3, ""specialize"": 0, ""subst"": 0, ""unfold"": 3}",lexicographic-vs-zero constraint helper,PolyBase lex-constraint implementation,refactor symmetry,Internal live helper family; unify four left/right and lt/gt proof schemas while preserving definitions/paths.,dependency of explicit external root
make_constr_lt0_r,make_constr_lt0_r,top,Definition,False,448,451,4,,,0,2,make_constr_lt0_r_correct;make_poly_lt0_r,1,V0,0,,False,,False,True,"{""apply"": 0, ""assert"": 0, ""auto"": 0, ""destruct"": 0, ""eapply"": 0, ""eauto"": 0, ""firstorder"": 0, ""inversion"": 0, ""lia"": 0, ""nia"": 0, ""pose proof"": 0, ""repeat"": 0, ""rewrite"": 0, ""specialize"": 0, ""subst"": 0, ""unfold"": 0}",lexicographic-vs-zero constraint helper,PolyBase lex-constraint implementation,refactor symmetry,Internal live helper family; unify four left/right and lt/gt proof schemas while preserving definitions/paths.,dependency of explicit external root
make_constr_lt0_r_correct,make_constr_lt0_r_correct,top,Lemma,False,453,466,14,458,466,9,1,make_poly_lt0_r_correct,2,V0;make_constr_lt0_r,0,,False,,False,True,"{""apply"": 0, ""assert"": 0, ""auto"": 0, ""destruct"": 0, ""eapply"": 0, ""eauto"": 0, ""firstorder"": 0, ""inversion"": 0, ""lia"": 1, ""nia"": 0, ""pose proof"": 0, ""repeat"": 0, ""rewrite"": 4, ""specialize"": 0, ""subst"": 0, ""unfold"": 4}",lexicographic-vs-zero constraint helper,PolyBase lex-constraint implementation,refactor symmetry,Internal live helper family; unify four left/right and lt/gt proof schemas while preserving definitions/paths.,dependency of explicit external root
make_constrs_eq0_l,make_constrs_eq0_l,top,Definition,False,468,471,4,,,0,3,make_constrs_eq0_l_correct;make_poly_lt0_l;make_poly_gt0_l,1,V0,0,,False,,False,True,"{""apply"": 0, ""assert"": 0, ""auto"": 0, ""destruct"": 0, ""eapply"": 0, ""eauto"": 0, ""firstorder"": 0, ""inversion"": 0, ""lia"": 0, ""nia"": 0, ""pose proof"": 0, ""repeat"": 0, ""rewrite"": 0, ""specialize"": 0, ""subst"": 0, ""unfold"": 0}",lexicographic-vs-zero constraint helper,PolyBase lex-constraint implementation,refactor symmetry,Internal live helper family; unify four left/right and lt/gt proof schemas while preserving definitions/paths.,dependency of explicit external root
make_constrs_eq0_l_correct,make_constrs_eq0_l_correct,top,Lemma,False,473,506,34,478,506,29,2,make_poly_lt0_l_correct;make_poly_gt0_l_correct,5,V0;dot_product_opp_r;make_constrs_eq0_l;opp_app;opp_v0_v0,0,,False,,False,True,"{""apply"": 0, ""assert"": 0, ""auto"": 0, ""destruct"": 1, ""eapply"": 0, ""eauto"": 0, ""firstorder"": 0, ""inversion"": 0, ""lia"": 2, ""nia"": 0, ""pose proof"": 0, ""repeat"": 0, ""rewrite"": 19, ""specialize"": 0, ""subst"": 0, ""unfold"": 10}",lexicographic-vs-zero constraint helper,PolyBase lex-constraint implementation,refactor symmetry,Internal live helper family; unify four left/right and lt/gt proof schemas while preserving definitions/paths.,dependency of explicit external root
make_constrs_eq0_r,make_constrs_eq0_r,top,Definition,False,508,511,4,,,0,3,make_constrs_eq0_r_correct;make_poly_lt0_r;make_poly_gt0_r,1,V0,0,,False,,False,True,"{""apply"": 0, ""assert"": 0, ""auto"": 0, ""destruct"": 0, ""eapply"": 0, ""eauto"": 0, ""firstorder"": 0, ""inversion"": 0, ""lia"": 0, ""nia"": 0, ""pose proof"": 0, ""repeat"": 0, ""rewrite"": 0, ""specialize"": 0, ""subst"": 0, ""unfold"": 0}",lexicographic-vs-zero constraint helper,PolyBase lex-constraint implementation,refactor symmetry,Internal live helper family; unify four left/right and lt/gt proof schemas while preserving definitions/paths.,dependency of explicit external root
make_constrs_eq0_r_correct,make_constrs_eq0_r_correct,top,Lemma,False,513,548,36,518,548,31,2,make_poly_lt0_r_correct;make_poly_gt0_r_correct,5,V0;dot_product_opp_r;make_constrs_eq0_r;opp_app;opp_v0_v0,0,,False,,False,True,"{""apply"": 0, ""assert"": 0, ""auto"": 0, ""destruct"": 1, ""eapply"": 0, ""eauto"": 0, ""firstorder"": 0, ""inversion"": 0, ""lia"": 2, ""nia"": 0, ""pose proof"": 0, ""repeat"": 0, ""rewrite"": 22, ""specialize"": 0, ""subst"": 0, ""unfold"": 12}",lexicographic-vs-zero constraint helper,PolyBase lex-constraint implementation,refactor symmetry,Internal live helper family; unify four left/right and lt/gt proof schemas while preserving definitions/paths.,dependency of explicit external root
make_poly_lt0_l,make_poly_lt0_l,top,Fixpoint,False,550,558,9,,,0,3,make_poly_lt0_l;make_poly_lt0_l_correct;make_poly_lt,4,Schedule;make_constr_lt0_l;make_constrs_eq0_l;make_poly_lt0_l,0,,False,,False,True,"{""apply"": 0, ""assert"": 0, ""auto"": 0, ""destruct"": 0, ""eapply"": 0, ""eauto"": 0, ""firstorder"": 0, ""inversion"": 0, ""lia"": 0, ""nia"": 0, ""pose proof"": 0, ""repeat"": 0, ""rewrite"": 0, ""specialize"": 0, ""subst"": 0, ""unfold"": 0}",lexicographic-vs-zero constraint helper,PolyBase lex-constraint implementation,refactor symmetry,Internal live helper family; unify four left/right and lt/gt proof schemas while preserving definitions/paths.,dependency of explicit external root
make_poly_lt0_l_correct,make_poly_lt0_l_correct,top,Lemma,False,560,666,107,566,666,101,1,make_poly_lt_correct',3,make_constr_lt0_l_correct;make_constrs_eq0_l_correct;make_poly_lt0_l,0,,False,,False,True,"{""apply"": 0, ""assert"": 0, ""auto"": 0, ""destruct"": 11, ""eapply"": 16, ""eauto"": 6, ""firstorder"": 2, ""inversion"": 0, ""lia"": 2, ""nia"": 0, ""pose proof"": 0, ""repeat"": 0, ""rewrite"": 11, ""specialize"": 0, ""subst"": 0, ""unfold"": 7}",lexicographic-vs-zero constraint helper,PolyBase lex-constraint implementation,refactor symmetry,Internal live helper family; unify four left/right and lt/gt proof schemas while preserving definitions/paths.,dependency of explicit external root
make_poly_lt0_r,make_poly_lt0_r,top,Fixpoint,False,668,676,9,,,0,3,make_poly_lt0_r;make_poly_lt0_r_correct;make_poly_gt,4,Schedule;make_constr_lt0_r;make_constrs_eq0_r;make_poly_lt0_r,0,,False,,False,True,"{""apply"": 0, ""assert"": 0, ""auto"": 0, ""destruct"": 0, ""eapply"": 0, ""eauto"": 0, ""firstorder"": 0, ""inversion"": 0, ""lia"": 0, ""nia"": 0, ""pose proof"": 0, ""repeat"": 0, ""rewrite"": 0, ""specialize"": 0, ""subst"": 0, ""unfold"": 0}",lexicographic-vs-zero constraint helper,PolyBase lex-constraint implementation,refactor symmetry,Internal live helper family; unify four left/right and lt/gt proof schemas while preserving definitions/paths.,dependency of explicit external root
make_poly_lt0_r_correct,make_poly_lt0_r_correct,top,Lemma,False,678,760,83,684,760,77,1,make_poly_gt_correct',3,make_constr_lt0_r_correct;make_constrs_eq0_r_correct;make_poly_lt0_r,0,,False,,False,True,"{""apply"": 0, ""assert"": 0, ""auto"": 0, ""destruct"": 11, ""eapply"": 8, ""eauto"": 2, ""firstorder"": 0, ""inversion"": 0, ""lia"": 2, ""nia"": 0, ""pose proof"": 0, ""repeat"": 0, ""rewrite"": 11, ""specialize"": 0, ""subst"": 0, ""unfold"": 6}",lexicographic-vs-zero constraint helper,PolyBase lex-constraint implementation,refactor symmetry,Internal live helper family; unify four left/right and lt/gt proof schemas while preserving definitions/paths.,dependency of explicit external root
make_constr_gt0_l,make_constr_gt0_l,top,Definition,False,762,765,4,,,0,2,make_constr_gt0_l_correct;make_poly_gt0_l,1,V0,0,,False,,False,True,"{""apply"": 0, ""assert"": 0, ""auto"": 0, ""destruct"": 0, ""eapply"": 0, ""eauto"": 0, ""firstorder"": 0, ""inversion"": 0, ""lia"": 0, ""nia"": 0, ""pose proof"": 0, ""repeat"": 0, ""rewrite"": 0, ""specialize"": 0, ""subst"": 0, ""unfold"": 0}",lexicographic-vs-zero constraint helper,PolyBase lex-constraint implementation,refactor symmetry,Internal live helper family; unify four left/right and lt/gt proof schemas while preserving definitions/paths.,dependency of explicit external root
make_constr_gt0_l_correct,make_constr_gt0_l_correct,top,Lemma,False,767,783,17,772,783,12,1,make_poly_gt0_l_correct,3,V0;dot_product_opp_r;make_constr_gt0_l,0,,False,,False,True,"{""apply"": 0, ""assert"": 0, ""auto"": 0, ""destruct"": 0, ""eapply"": 0, ""eauto"": 0, ""firstorder"": 0, ""inversion"": 0, ""lia"": 1, ""nia"": 0, ""pose proof"": 0, ""repeat"": 0, ""rewrite"": 5, ""specialize"": 0, ""subst"": 0, ""unfold"": 4}",lexicographic-vs-zero constraint helper,PolyBase lex-constraint implementation,refactor symmetry,Internal live helper family; unify four left/right and lt/gt proof schemas while preserving definitions/paths.,dependency of explicit external root
make_constr_gt0_r,make_constr_gt0_r,top,Definition,False,785,788,4,,,0,2,make_constr_gt0_r_correct;make_poly_gt0_r,1,V0,0,,False,,False,True,"{""apply"": 0, ""assert"": 0, ""auto"": 0, ""destruct"": 0, ""eapply"": 0, ""eauto"": 0, ""firstorder"": 0, ""inversion"": 0, ""lia"": 0, ""nia"": 0, ""pose proof"": 0, ""repeat"": 0, ""rewrite"": 0, ""specialize"": 0, ""subst"": 0, ""unfold"": 0}",lexicographic-vs-zero constraint helper,PolyBase lex-constraint implementation,refactor symmetry,Internal live helper family; unify four left/right and lt/gt proof schemas while preserving definitions/paths.,dependency of explicit external root
make_constr_gt0_r_correct,make_constr_gt0_r_correct,top,Lemma,False,790,806,17,795,806,12,1,make_poly_gt0_r_correct,3,V0;dot_product_opp_r;make_constr_gt0_r,0,,False,,False,True,"{""apply"": 0, ""assert"": 0, ""auto"": 0, ""destruct"": 0, ""eapply"": 0, ""eauto"": 0, ""firstorder"": 0, ""inversion"": 0, ""lia"": 1, ""nia"": 0, ""pose proof"": 0, ""repeat"": 0, ""rewrite"": 5, ""specialize"": 0, ""subst"": 0, ""unfold"": 4}",lexicographic-vs-zero constraint helper,PolyBase lex-constraint implementation,refactor symmetry,Internal live helper family; unify four left/right and lt/gt proof schemas while preserving definitions/paths.,dependency of explicit external root
make_poly_gt0_l,make_poly_gt0_l,top,Fixpoint,False,808,817,10,,,0,3,make_poly_gt0_l;make_poly_gt0_l_correct;make_poly_gt,4,Schedule;make_constr_gt0_l;make_constrs_eq0_l;make_poly_gt0_l,0,,False,,False,True,"{""apply"": 0, ""assert"": 0, ""auto"": 0, ""destruct"": 0, ""eapply"": 0, ""eauto"": 0, ""firstorder"": 0, ""inversion"": 0, ""lia"": 0, ""nia"": 0, ""pose proof"": 0, ""repeat"": 0, ""rewrite"": 0, ""specialize"": 0, ""subst"": 0, ""unfold"": 0}",lexicographic-vs-zero constraint helper,PolyBase lex-constraint implementation,refactor symmetry,Internal live helper family; unify four left/right and lt/gt proof schemas while preserving definitions/paths.,dependency of explicit external root
make_poly_gt0_l_correct,make_poly_gt0_l_correct,top,Lemma,False,819,919,101,825,919,95,1,make_poly_gt_correct',3,make_constr_gt0_l_correct;make_constrs_eq0_l_correct;make_poly_gt0_l,0,,False,,False,True,"{""apply"": 0, ""assert"": 0, ""auto"": 0, ""destruct"": 10, ""eapply"": 16, ""eauto"": 6, ""firstorder"": 2, ""inversion"": 0, ""lia"": 2, ""nia"": 0, ""pose proof"": 0, ""repeat"": 0, ""rewrite"": 11, ""specialize"": 0, ""subst"": 0, ""unfold"": 9}",lexicographic-vs-zero constraint helper,PolyBase lex-constraint implementation,refactor symmetry,Internal live helper family; unify four left/right and lt/gt proof schemas while preserving definitions/paths.,dependency of explicit external root
make_poly_gt0_r,make_poly_gt0_r,top,Fixpoint,False,921,930,10,,,0,3,make_poly_gt0_r;make_poly_gt0_r_correct;make_poly_lt,4,Schedule;make_constr_gt0_r;make_constrs_eq0_r;make_poly_gt0_r,0,,False,,False,True,"{""apply"": 0, ""assert"": 0, ""auto"": 0, ""destruct"": 0, ""eapply"": 0, ""eauto"": 0, ""firstorder"": 0, ""inversion"": 0, ""lia"": 0, ""nia"": 0, ""pose proof"": 0, ""repeat"": 0, ""rewrite"": 0, ""specialize"": 0, ""subst"": 0, ""unfold"": 0}",lexicographic-vs-zero constraint helper,PolyBase lex-constraint implementation,refactor symmetry,Internal live helper family; unify four left/right and lt/gt proof schemas while preserving definitions/paths.,dependency of explicit external root
make_poly_gt0_r_correct,make_poly_gt0_r_correct,top,Lemma,False,932,1027,96,938,1015,78,1,make_poly_lt_correct',3,make_constr_gt0_r_correct;make_constrs_eq0_r_correct;make_poly_gt0_r,0,,False,,False,True,"{""apply"": 0, ""assert"": 0, ""auto"": 0, ""destruct"": 10, ""eapply"": 8, ""eauto"": 2, ""firstorder"": 0, ""inversion"": 0, ""lia"": 2, ""nia"": 0, ""pose proof"": 0, ""repeat"": 0, ""rewrite"": 11, ""specialize"": 0, ""subst"": 0, ""unfold"": 8}",lexicographic-vs-zero constraint helper,PolyBase lex-constraint implementation,refactor symmetry,Internal live helper family; unify four left/right and lt/gt proof schemas while preserving definitions/paths.,dependency of explicit external root
make_constr_lt,make_constr_lt,top,Definition,False,1029,1032,4,,,0,3,make_constr_lt_correct;make_poly_lt;make_poly_lt_correct',0,,0,,False,,False,True,"{""apply"": 0, ""assert"": 0, ""auto"": 0, ""destruct"": 0, ""eapply"": 0, ""eauto"": 0, ""firstorder"": 0, ""inversion"": 0, ""lia"": 0, ""nia"": 0, ""pose proof"": 0, ""repeat"": 0, ""rewrite"": 0, ""specialize"": 0, ""subst"": 0, ""unfold"": 0}",schedule lex-order polyhedron,PolyBase central polyhedral construction,keep/refactor,Central API; factor shared lt/gt recursion and exact-column projections without changing public statements.,dependency of explicit external root
make_constr_lt_correct,make_constr_lt_correct,top,Lemma,False,1034,1049,16,1039,1049,11,1,make_poly_lt_correct',2,dot_product_opp_r;make_constr_lt,0,,False,,False,True,"{""apply"": 0, ""assert"": 0, ""auto"": 0, ""destruct"": 0, ""eapply"": 1, ""eauto"": 0, ""firstorder"": 0, ""inversion"": 0, ""lia"": 1, ""nia"": 0, ""pose proof"": 0, ""repeat"": 0, ""rewrite"": 3, ""specialize"": 0, ""subst"": 0, ""unfold"": 0}",schedule lex-order polyhedron,PolyBase central polyhedral construction,keep/refactor,Central API; factor shared lt/gt recursion and exact-column projections without changing public statements.,dependency of explicit external root
make_constrs_eq,make_constrs_eq,top,Definition,False,1051,1055,5,,,0,4,make_constrs_eq_correct;make_poly_lt;make_poly_gt;make_poly_eq,0,,0,,False,,False,True,"{""apply"": 0, ""assert"": 0, ""auto"": 0, ""destruct"": 0, ""eapply"": 0, ""eauto"": 0, ""firstorder"": 0, ""inversion"": 0, ""lia"": 0, ""nia"": 0, ""pose proof"": 0, ""repeat"": 0, ""rewrite"": 0, ""specialize"": 0, ""subst"": 0, ""unfold"": 0}",schedule lex-order polyhedron,PolyBase central polyhedral construction,keep/refactor,Central API; factor shared lt/gt recursion and exact-column projections without changing public statements.,dependency of explicit external root
make_constrs_eq_correct,make_constrs_eq_correct,top,Lemma,False,1057,1114,58,1062,1107,46,3,make_poly_lt_correct';make_poly_gt_correct';make_poly_eq_correct_true,4,dot_product_opp_r;make_constrs_eq;opp_app;opp_opp,0,,False,,False,True,"{""apply"": 0, ""assert"": 2, ""auto"": 0, ""destruct"": 1, ""eapply"": 2, ""eauto"": 0, ""firstorder"": 0, ""inversion"": 0, ""lia"": 4, ""nia"": 0, ""pose proof"": 0, ""repeat"": 0, ""rewrite"": 19, ""specialize"": 0, ""subst"": 1, ""unfold"": 2}",schedule lex-order polyhedron,PolyBase central polyhedral construction,keep/refactor,Central API; factor shared lt/gt recursion and exact-column projections without changing public statements.,dependency of explicit external root
make_poly_lt,make_poly_lt,top,Fixpoint,False,1116,1129,14,,,0,3,make_poly_lt;make_poly_lt_correct';make_poly_lt_correct,6,Schedule;make_constr_lt;make_constrs_eq;make_poly_gt0_r;make_poly_lt;make_poly_lt0_l,7,src/TilingBandScheduleValidator.v:8993;src/TilingBandScheduleValidator.v:14413;src/TilingBandScheduleValidator.v:21798;src/PolyLang.v:5086;src/AffineValidator.v:565;src/AffineValidator.v:2983;src/AffineValidator.v:3014,False,,True,True,"{""apply"": 0, ""assert"": 0, ""auto"": 0, ""destruct"": 0, ""eapply"": 0, ""eauto"": 0, ""firstorder"": 0, ""inversion"": 0, ""lia"": 0, ""nia"": 0, ""pose proof"": 0, ""repeat"": 0, ""rewrite"": 0, ""specialize"": 0, ""subst"": 0, ""unfold"": 0}",schedule lex-order polyhedron,PolyBase central polyhedral construction,keep/refactor,Central API; factor shared lt/gt recursion and exact-column projections without changing public statements.,explicit external token root
make_poly_lt_correct',make_poly_lt_correct',top,Lemma,False,1131,1312,182,1143,1312,170,1,make_poly_lt_correct,6,make_constr_lt;make_constr_lt_correct;make_constrs_eq_correct;make_poly_gt0_r_correct;make_poly_lt;make_poly_lt0_l_correct,0,,False,,False,True,"{""apply"": 0, ""assert"": 2, ""auto"": 0, ""destruct"": 20, ""eapply"": 19, ""eauto"": 6, ""firstorder"": 4, ""inversion"": 0, ""lia"": 0, ""nia"": 0, ""pose proof"": 0, ""repeat"": 0, ""rewrite"": 30, ""specialize"": 0, ""subst"": 8, ""unfold"": 9}",schedule lex-order polyhedron,PolyBase central polyhedral construction,keep/refactor,Central API; factor shared lt/gt recursion and exact-column projections without changing public statements.,dependency of explicit external root
make_poly_lt_correct,make_poly_lt_correct,top,Lemma,False,1314,1348,35,1325,1330,6,0,,2,make_poly_lt;make_poly_lt_correct',4,src/TilingBandScheduleValidator.v:9049;src/TilingBandScheduleValidator.v:14557;src/TilingBandScheduleValidator.v:21850;src/PolyLang.v:5096,False,,True,True,"{""apply"": 0, ""assert"": 0, ""auto"": 0, ""destruct"": 0, ""eapply"": 1, ""eauto"": 1, ""firstorder"": 1, ""inversion"": 0, ""lia"": 0, ""nia"": 0, ""pose proof"": 0, ""repeat"": 0, ""rewrite"": 1, ""specialize"": 0, ""subst"": 0, ""unfold"": 2}",schedule lex-order polyhedron,PolyBase central polyhedral construction,keep/refactor,Central API; factor shared lt/gt recursion and exact-column projections without changing public statements.,explicit external token root
make_constr_gt,make_constr_gt,top,Definition,False,1350,1353,4,,,0,3,make_constr_gt_correct;make_poly_gt;make_poly_gt_correct',0,,11,src/TilingBandScheduleValidator.v:8999;src/TilingBandScheduleValidator.v:9124;src/TilingBandScheduleValidator.v:9135;src/TilingBandScheduleValidator.v:14417;src/TilingBandScheduleValidator.v:14612;src/TilingBandScheduleValidator.v:14623;src/TilingBandScheduleValidator.v:21708;src/TilingBandScheduleValidator.v:21732;src/TilingBandScheduleValidator.v:21812;src/TilingBandScheduleValidator.v:21957;src/TilingBandScheduleValidator.v:21973,False,,True,True,"{""apply"": 0, ""assert"": 0, ""auto"": 0, ""destruct"": 0, ""eapply"": 0, ""eauto"": 0, ""firstorder"": 0, ""inversion"": 0, ""lia"": 0, ""nia"": 0, ""pose proof"": 0, ""repeat"": 0, ""rewrite"": 0, ""specialize"": 0, ""subst"": 0, ""unfold"": 0}",schedule lex-order polyhedron,PolyBase central polyhedral construction,keep/refactor,Central API; factor shared lt/gt recursion and exact-column projections without changing public statements.,explicit external token root
make_constr_gt_correct,make_constr_gt_correct,top,Lemma,False,1355,1385,31,1360,1385,26,1,make_poly_gt_correct',2,dot_product_opp_r;make_constr_gt,4,src/TilingBandScheduleValidator.v:9128;src/TilingBandScheduleValidator.v:14616;src/TilingBandScheduleValidator.v:21747;src/TilingBandScheduleValidator.v:21961,False,,True,True,"{""apply"": 0, ""assert"": 0, ""auto"": 0, ""destruct"": 0, ""eapply"": 2, ""eauto"": 0, ""firstorder"": 0, ""inversion"": 0, ""lia"": 2, ""nia"": 0, ""pose proof"": 0, ""repeat"": 0, ""rewrite"": 9, ""specialize"": 0, ""subst"": 0, ""unfold"": 5}",schedule lex-order polyhedron,PolyBase central polyhedral construction,keep/refactor,Central API; factor shared lt/gt recursion and exact-column projections without changing public statements.,explicit external token root
make_poly_gt,make_poly_gt,top,Fixpoint,False,1387,1421,35,1408,,0,4,make_poly_gt;make_poly_gt_correct';make_poly_gt_correct;make_poly_ge,6,Schedule;make_constr_gt;make_constrs_eq;make_poly_gt;make_poly_gt0_l;make_poly_lt0_r,0,,False,,False,True,"{""apply"": 0, ""assert"": 0, ""auto"": 0, ""destruct"": 0, ""eapply"": 0, ""eauto"": 0, ""firstorder"": 0, ""inversion"": 0, ""lia"": 0, ""nia"": 0, ""pose proof"": 0, ""repeat"": 0, ""rewrite"": 0, ""specialize"": 0, ""subst"": 0, ""unfold"": 1}",schedule lex-order polyhedron,PolyBase central polyhedral construction,keep/refactor,Central API; factor shared lt/gt recursion and exact-column projections without changing public statements.,dependency of explicit external root
make_poly_gt_correct',make_poly_gt_correct',top,Lemma,False,1422,1590,169,1434,1590,157,1,make_poly_gt_correct,6,make_constr_gt;make_constr_gt_correct;make_constrs_eq_correct;make_poly_gt;make_poly_gt0_l_correct;make_poly_lt0_r_correct,0,,False,,False,True,"{""apply"": 0, ""assert"": 2, ""auto"": 0, ""destruct"": 19, ""eapply"": 19, ""eauto"": 6, ""firstorder"": 4, ""inversion"": 0, ""lia"": 0, ""nia"": 0, ""pose proof"": 0, ""repeat"": 0, ""rewrite"": 21, ""specialize"": 0, ""subst"": 8, ""unfold"": 9}",schedule lex-order polyhedron,PolyBase central polyhedral construction,keep/refactor,Central API; factor shared lt/gt recursion and exact-column projections without changing public statements.,dependency of explicit external root
make_poly_gt_correct,make_poly_gt_correct,top,Lemma,False,1593,1629,37,1604,1607,4,1,make_poly_ge_correct,2,make_poly_gt;make_poly_gt_correct',0,,False,,False,True,"{""apply"": 0, ""assert"": 0, ""auto"": 0, ""destruct"": 0, ""eapply"": 1, ""eauto"": 1, ""firstorder"": 0, ""inversion"": 0, ""lia"": 0, ""nia"": 0, ""pose proof"": 0, ""repeat"": 0, ""rewrite"": 0, ""specialize"": 0, ""subst"": 0, ""unfold"": 0}",schedule lex-order polyhedron,PolyBase central polyhedral construction,keep/refactor,Central API; factor shared lt/gt recursion and exact-column projections without changing public statements.,dependency of explicit external root
make_poly_all0_l,make_poly_all0_l,top,Fixpoint,False,1630,1641,12,,,0,3,make_poly_all0_l;make_poly_all0_l_correct;make_poly_eq,3,Schedule;V0;make_poly_all0_l,0,,False,,False,True,"{""apply"": 0, ""assert"": 0, ""auto"": 0, ""destruct"": 0, ""eapply"": 0, ""eauto"": 0, ""firstorder"": 0, ""inversion"": 0, ""lia"": 0, ""nia"": 0, ""pose proof"": 0, ""repeat"": 0, ""rewrite"": 0, ""specialize"": 0, ""subst"": 0, ""unfold"": 0}",schedule equality/nondecrease polyhedron,PolyBase central polyhedral construction,keep/refactor,Reuse equality-row constructors in all-zero proofs; retain public constructors.,dependency of explicit external root
make_poly_all0_l_correct,make_poly_all0_l_correct,top,Lemma,False,1643,1747,105,1649,1747,99,1,make_poly_eq_correct_true,6,V0;dot_product_opp_r;make_poly_all0_l;opp_app;opp_opp;opp_v0_v0,0,,False,,False,True,"{""apply"": 0, ""assert"": 2, ""auto"": 0, ""destruct"": 3, ""eapply"": 12, ""eauto"": 6, ""firstorder"": 3, ""inversion"": 0, ""lia"": 5, ""nia"": 0, ""pose proof"": 0, ""repeat"": 0, ""rewrite"": 34, ""specialize"": 0, ""subst"": 1, ""unfold"": 8}",schedule equality/nondecrease polyhedron,PolyBase central polyhedral construction,keep/refactor,Reuse equality-row constructors in all-zero proofs; retain public constructors.,dependency of explicit external root
make_poly_all0_r,make_poly_all0_r,top,Fixpoint,False,1749,1760,12,,,0,3,make_poly_all0_r;make_poly_all0_r_correct;make_poly_eq,3,Schedule;V0;make_poly_all0_r,0,,False,,False,True,"{""apply"": 0, ""assert"": 0, ""auto"": 0, ""destruct"": 0, ""eapply"": 0, ""eauto"": 0, ""firstorder"": 0, ""inversion"": 0, ""lia"": 0, ""nia"": 0, ""pose proof"": 0, ""repeat"": 0, ""rewrite"": 0, ""specialize"": 0, ""subst"": 0, ""unfold"": 0}",schedule equality/nondecrease polyhedron,PolyBase central polyhedral construction,keep/refactor,Reuse equality-row constructors in all-zero proofs; retain public constructors.,dependency of explicit external root
make_poly_all0_r_correct,make_poly_all0_r_correct,top,Lemma,False,1762,1866,105,1768,1864,97,1,make_poly_eq_correct_true,6,V0;dot_product_opp_r;make_poly_all0_r;opp_app;opp_opp;opp_v0_v0,0,,False,,False,True,"{""apply"": 0, ""assert"": 2, ""auto"": 0, ""destruct"": 3, ""eapply"": 4, ""eauto"": 2, ""firstorder"": 1, ""inversion"": 0, ""lia"": 5, ""nia"": 0, ""pose proof"": 0, ""repeat"": 0, ""rewrite"": 40, ""specialize"": 0, ""subst"": 1, ""unfold"": 12}",schedule equality/nondecrease polyhedron,PolyBase central polyhedral construction,keep/refactor,Reuse equality-row constructors in all-zero proofs; retain public constructors.,dependency of explicit external root
make_poly_eq,make_poly_eq,top,Fixpoint,False,1867,1886,20,,,0,4,make_poly_eq;make_poly_eq_correct_true;make_poly_eq_correct_false;make_poly_ge,5,AffineFunction;make_constrs_eq;make_poly_all0_l;make_poly_all0_r;make_poly_eq,8,src/TilingBandScheduleValidator.v:8995;src/TilingBandScheduleValidator.v:9102;src/TilingBandScheduleValidator.v:9138;src/TilingBandScheduleValidator.v:21800;src/TilingBandScheduleValidator.v:21897;src/TilingBandScheduleValidator.v:21976;src/AffineValidator.v:548;src/AffineValidator.v:5157,False,,True,True,"{""apply"": 0, ""assert"": 0, ""auto"": 0, ""destruct"": 0, ""eapply"": 0, ""eauto"": 0, ""firstorder"": 0, ""inversion"": 0, ""lia"": 0, ""nia"": 0, ""pose proof"": 0, ""repeat"": 0, ""rewrite"": 0, ""specialize"": 0, ""subst"": 0, ""unfold"": 0}",schedule equality/nondecrease polyhedron,PolyBase central polyhedral construction,keep/refactor,Reuse equality-row constructors in all-zero proofs; retain public constructors.,explicit external token root
make_poly_eq_correct_true,make_poly_eq_correct_true,top,Lemma,False,1888,1952,65,1896,1952,57,2,make_poly_eq_correct_false;make_poly_ge_correct,4,make_constrs_eq_correct;make_poly_all0_l_correct;make_poly_all0_r_correct;make_poly_eq,4,src/TilingBandScheduleValidator.v:9110;src/TilingBandScheduleValidator.v:21907;src/AffineValidator.v:2320;src/AffineValidator.v:5209,False,,True,True,"{""apply"": 0, ""assert"": 0, ""auto"": 0, ""destruct"": 6, ""eapply"": 14, ""eauto"": 8, ""firstorder"": 3, ""inversion"": 1, ""lia"": 1, ""nia"": 0, ""pose proof"": 0, ""repeat"": 0, ""rewrite"": 9, ""specialize"": 0, ""subst"": 1, ""unfold"": 5}",schedule equality/nondecrease polyhedron,PolyBase central polyhedral construction,keep/refactor,Reuse equality-row constructors in all-zero proofs; retain public constructors.,explicit external token root
make_poly_eq_correct_false,make_poly_eq_correct_false,top,Lemma,False,1954,1977,24,1962,1977,16,0,,2,make_poly_eq;make_poly_eq_correct_true,0,,False,,False,False,"{""apply"": 0, ""assert"": 1, ""auto"": 0, ""destruct"": 1, ""eapply"": 3, ""eauto"": 2, ""firstorder"": 0, ""inversion"": 0, ""lia"": 0, ""nia"": 0, ""pose proof"": 0, ""repeat"": 0, ""rewrite"": 0, ""specialize"": 0, ""subst"": 0, ""unfold"": 0}",schedule equality negative corollary,redundant compatibility theorem,retire or wrap,No repository caller; derive from the true iff and Boolean discrimination if retained.,outside explicit external-root closure
make_poly_ge,make_poly_ge,top,Definition,False,1980,1987,8,,,0,1,make_poly_ge_correct,3,Schedule;make_poly_eq;make_poly_gt,4,src/PolyLang.v:5118;src/AffineValidator.v:566;src/AffineValidator.v:2999;src/AffineValidator.v:3021,False,,True,True,"{""apply"": 0, ""assert"": 0, ""auto"": 0, ""destruct"": 0, ""eapply"": 0, ""eauto"": 0, ""firstorder"": 0, ""inversion"": 0, ""lia"": 0, ""nia"": 0, ""pose proof"": 0, ""repeat"": 0, ""rewrite"": 0, ""specialize"": 0, ""subst"": 0, ""unfold"": 0}",schedule equality/nondecrease polyhedron,PolyBase central polyhedral construction,keep/refactor,Reuse equality-row constructors in all-zero proofs; retain public constructors.,explicit external token root
make_poly_ge_correct,make_poly_ge_correct,top,Lemma,False,1988,2029,42,2001,2029,29,0,,3,make_poly_eq_correct_true;make_poly_ge;make_poly_gt_correct,1,src/PolyLang.v:5128,False,,True,True,"{""apply"": 0, ""assert"": 0, ""auto"": 0, ""destruct"": 2, ""eapply"": 9, ""eauto"": 5, ""firstorder"": 0, ""inversion"": 0, ""lia"": 0, ""nia"": 0, ""pose proof"": 0, ""repeat"": 0, ""rewrite"": 0, ""specialize"": 0, ""subst"": 0, ""unfold"": 3}",schedule equality/nondecrease polyhedron,PolyBase central polyhedral construction,keep/refactor,Reuse equality-row constructors in all-zero proofs; retain public constructors.,explicit external token root
constr_transl_l,constr_transl_l,top,Definition,False,2032,2035,4,,,0,3,constr_transl_l_correct;map_constr_transl_l_correct;poly_product,1,V0,0,,False,,False,True,"{""apply"": 0, ""assert"": 0, ""auto"": 0, ""destruct"": 0, ""eapply"": 0, ""eauto"": 0, ""firstorder"": 0, ""inversion"": 0, ""lia"": 0, ""nia"": 0, ""pose proof"": 0, ""repeat"": 0, ""rewrite"": 0, ""specialize"": 0, ""subst"": 0, ""unfold"": 0}",product-space polyhedron embedding,PolyBase polyhedron composition,keep/refactor,Use a generic in_poly/map preservation lemma to shorten left/right map proofs.,dependency of explicit external root
constr_transl_l_correct,constr_transl_l_correct,top,Lemma,False,2037,2067,31,2042,2067,26,1,map_constr_transl_l_correct,2,V0;constr_transl_l,0,,False,,False,True,"{""apply"": 0, ""assert"": 1, ""auto"": 0, ""destruct"": 1, ""eapply"": 2, ""eauto"": 0, ""firstorder"": 0, ""inversion"": 0, ""lia"": 2, ""nia"": 0, ""pose proof"": 0, ""repeat"": 0, ""rewrite"": 2, ""specialize"": 0, ""subst"": 1, ""unfold"": 2}",product-space polyhedron embedding,PolyBase polyhedron composition,keep/refactor,Use a generic in_poly/map preservation lemma to shorten left/right map proofs.,dependency of explicit external root
map_constr_transl_l_correct,map_constr_transl_l_correct,top,Lemma,False,2069,2126,58,2074,2126,53,1,poly_product_correct,2,constr_transl_l;constr_transl_l_correct,0,,False,,False,True,"{""apply"": 0, ""assert"": 0, ""auto"": 0, ""destruct"": 4, ""eapply"": 6, ""eauto"": 2, ""firstorder"": 3, ""inversion"": 0, ""lia"": 0, ""nia"": 0, ""pose proof"": 2, ""repeat"": 0, ""rewrite"": 6, ""specialize"": 0, ""subst"": 0, ""unfold"": 2}",product-space polyhedron embedding,PolyBase polyhedron composition,keep/refactor,Use a generic in_poly/map preservation lemma to shorten left/right map proofs.,dependency of explicit external root
constr_transl_r,constr_transl_r,top,Definition,False,2128,2131,4,,,0,3,constr_transl_r_correct;map_constr_transl_r_correct;poly_product,1,V0,0,,False,,False,True,"{""apply"": 0, ""assert"": 0, ""auto"": 0, ""destruct"": 0, ""eapply"": 0, ""eauto"": 0, ""firstorder"": 0, ""inversion"": 0, ""lia"": 0, ""nia"": 0, ""pose proof"": 0, ""repeat"": 0, ""rewrite"": 0, ""specialize"": 0, ""subst"": 0, ""unfold"": 0}",product-space polyhedron embedding,PolyBase polyhedron composition,keep/refactor,Use a generic in_poly/map preservation lemma to shorten left/right map proofs.,dependency of explicit external root
constr_transl_r_correct,constr_transl_r_correct,top,Lemma,False,2133,2165,33,2138,2165,28,1,map_constr_transl_r_correct,2,V0;constr_transl_r,0,,False,,False,True,"{""apply"": 0, ""assert"": 0, ""auto"": 0, ""destruct"": 2, ""eapply"": 2, ""eauto"": 0, ""firstorder"": 1, ""inversion"": 0, ""lia"": 2, ""nia"": 0, ""pose proof"": 0, ""repeat"": 0, ""rewrite"": 0, ""specialize"": 0, ""subst"": 2, ""unfold"": 4}",product-space polyhedron embedding,PolyBase polyhedron composition,keep/refactor,Use a generic in_poly/map preservation lemma to shorten left/right map proofs.,dependency of explicit external root
map_constr_transl_r_correct,map_constr_transl_r_correct,top,Lemma,False,2167,2208,42,2172,2203,32,1,poly_product_correct,2,constr_transl_r;constr_transl_r_correct,0,,False,,False,True,"{""apply"": 0, ""assert"": 0, ""auto"": 0, ""destruct"": 0, ""eapply"": 4, ""eauto"": 3, ""firstorder"": 1, ""inversion"": 0, ""lia"": 0, ""nia"": 0, ""pose proof"": 0, ""repeat"": 0, ""rewrite"": 1, ""specialize"": 0, ""subst"": 0, ""unfold"": 0}",product-space polyhedron embedding,PolyBase polyhedron composition,keep/refactor,Use a generic in_poly/map preservation lemma to shorten left/right map proofs.,dependency of explicit external root
poly_product,poly_product,top,Definition,False,2209,2211,3,,,0,1,poly_product_correct,2,constr_transl_l;constr_transl_r,5,src/PolyLang.v:5013;src/AffineValidator.v:570;src/AffineValidator.v:603;src/AffineValidator.v:2759;src/AffineValidator.v:5246,False,,True,True,"{""apply"": 0, ""assert"": 0, ""auto"": 0, ""destruct"": 0, ""eapply"": 0, ""eauto"": 0, ""firstorder"": 0, ""inversion"": 0, ""lia"": 0, ""nia"": 0, ""pose proof"": 0, ""repeat"": 0, ""rewrite"": 0, ""specialize"": 0, ""subst"": 0, ""unfold"": 0}",product-space polyhedron embedding,PolyBase polyhedron composition,keep/refactor,Use a generic in_poly/map preservation lemma to shorten left/right map proofs.,explicit external token root
poly_product_correct,poly_product_correct,top,Lemma,False,2213,2244,32,2221,2244,24,0,,3,map_constr_transl_l_correct;map_constr_transl_r_correct;poly_product,1,src/PolyLang.v:5032,False,,True,True,"{""apply"": 0, ""assert"": 0, ""auto"": 0, ""destruct"": 1, ""eapply"": 5, ""eauto"": 2, ""firstorder"": 0, ""inversion"": 0, ""lia"": 0, ""nia"": 0, ""pose proof"": 0, ""repeat"": 0, ""rewrite"": 5, ""specialize"": 0, ""subst"": 0, ""unfold"": 1}",product-space polyhedron embedding,PolyBase polyhedron composition,keep/refactor,Use a generic in_poly/map preservation lemma to shorten left/right map proofs.,explicit external token root
sequence_lesser,sequence_lesser,top,Fixpoint,False,2246,2250,5,,,0,1,sequence_lesser,1,sequence_lesser,0,,False,,False,False,"{""apply"": 0, ""assert"": 0, ""auto"": 0, ""destruct"": 0, ""eapply"": 0, ""eauto"": 0, ""firstorder"": 0, ""inversion"": 0, ""lia"": 0, ""nia"": 0, ""pose proof"": 0, ""repeat"": 0, ""rewrite"": 0, ""specialize"": 0, ""subst"": 0, ""unfold"": 0}",unused descending sequence,dead generic list helper,remove,Self-recursive only and unrelated to the current environment-equality construction.,outside explicit external-root closure
make_poly_env_eq',make_poly_env_eq',top,Fixpoint,False,2252,2258,7,,,0,3,make_poly_env_eq';make_poly_env_eq;make_poly_env_eq'_correct,2,V0;make_poly_env_eq',0,,False,,False,True,"{""apply"": 0, ""assert"": 0, ""auto"": 0, ""destruct"": 0, ""eapply"": 0, ""eauto"": 0, ""firstorder"": 0, ""inversion"": 0, ""lia"": 0, ""nia"": 0, ""pose proof"": 0, ""repeat"": 0, ""rewrite"": 0, ""specialize"": 0, ""subst"": 0, ""unfold"": 0}",equal-environment polyhedron,PolyBase validator premise construction,keep/refactor,Extract one signed coordinate-equality lemma to remove the explicitly copied constraint branch.,dependency of explicit external root
make_poly_env_eq,make_poly_env_eq,top,Definition,False,2260,2261,2,,,0,1,make_poly_env_eq_correct,1,make_poly_env_eq',5,src/PolyLang.v:5002;src/AffineValidator.v:568;src/AffineValidator.v:601;src/AffineValidator.v:2767;src/AffineValidator.v:5244,False,,True,True,"{""apply"": 0, ""assert"": 0, ""auto"": 0, ""destruct"": 0, ""eapply"": 0, ""eauto"": 0, ""firstorder"": 0, ""inversion"": 0, ""lia"": 0, ""nia"": 0, ""pose proof"": 0, ""repeat"": 0, ""rewrite"": 0, ""specialize"": 0, ""subst"": 0, ""unfold"": 0}",equal-environment polyhedron,PolyBase validator premise construction,keep/refactor,Extract one signed coordinate-equality lemma to remove the explicitly copied constraint branch.,explicit external token root
nth_repeat_default,nth_repeat_default,top,Lemma,False,2263,2275,13,2266,2275,10,1,make_poly_env_eq'_correct,0,,0,,False,,False,True,"{""apply"": 0, ""assert"": 0, ""auto"": 0, ""destruct"": 2, ""eapply"": 0, ""eauto"": 0, ""firstorder"": 0, ""inversion"": 0, ""lia"": 0, ""nia"": 0, ""pose proof"": 0, ""repeat"": 0, ""rewrite"": 0, ""specialize"": 0, ""subst"": 0, ""unfold"": 0}",generic list fact,Misc or ListExt,reuse/move,Use existing generic lemma where available; keep compatibility wrapper only for referenced names.,dependency of explicit external root
nth_assign_different,nth_assign_different,top,Lemma,False,2277,2321,45,2282,2321,40,1,make_poly_env_eq'_correct,0,,0,,False,,False,True,"{""apply"": 0, ""assert"": 2, ""auto"": 0, ""destruct"": 9, ""eapply"": 1, ""eauto"": 0, ""firstorder"": 0, ""inversion"": 0, ""lia"": 6, ""nia"": 0, ""pose proof"": 1, ""repeat"": 0, ""rewrite"": 8, ""specialize"": 0, ""subst"": 1, ""unfold"": 1}",generic vector/dot-product fact,Linalg or LinalgExt,move/wrap,"Move beside vector negation, dot product, or assign; preserve PolyBase-facing names if needed.",dependency of explicit external root
firstn_eq_implies_nth_eq,firstn_eq_implies_nth_eq,top,Lemma,False,2324,2354,31,2329,2354,26,1,make_poly_env_eq'_correct,0,,0,,False,,False,True,"{""apply"": 0, ""assert"": 0, ""auto"": 0, ""destruct"": 8, ""eapply"": 1, ""eauto"": 0, ""firstorder"": 0, ""inversion"": 0, ""lia"": 5, ""nia"": 0, ""pose proof"": 0, ""repeat"": 0, ""rewrite"": 3, ""specialize"": 0, ""subst"": 0, ""unfold"": 0}",generic list fact,Misc or ListExt,reuse/move,Use existing generic lemma where available; keep compatibility wrapper only for referenced names.,dependency of explicit external root
firstn_ge_implies_firstn,firstn_ge_implies_firstn,top,Lemma,False,2356,2375,20,2361,2375,15,1,make_poly_env_eq'_correct,0,,0,,False,,False,True,"{""apply"": 0, ""assert"": 1, ""auto"": 0, ""destruct"": 3, ""eapply"": 1, ""eauto"": 0, ""firstorder"": 0, ""inversion"": 0, ""lia"": 3, ""nia"": 0, ""pose proof"": 0, ""repeat"": 0, ""rewrite"": 1, ""specialize"": 0, ""subst"": 2, ""unfold"": 0}",generic list fact,Misc or ListExt,reuse/move,Use existing generic lemma where available; keep compatibility wrapper only for referenced names.,dependency of explicit external root
make_poly_env_eq'_correct,make_poly_env_eq'_correct,top,Lemma,False,2378,2500,123,2385,2494,110,1,make_poly_env_eq_correct,6,V0;firstn_eq_implies_nth_eq;firstn_ge_implies_firstn;make_poly_env_eq';nth_assign_different;nth_repeat_default,0,,False,,False,True,"{""apply"": 0, ""assert"": 7, ""auto"": 0, ""destruct"": 5, ""eapply"": 8, ""eauto"": 10, ""firstorder"": 0, ""inversion"": 2, ""lia"": 18, ""nia"": 0, ""pose proof"": 0, ""repeat"": 2, ""rewrite"": 42, ""specialize"": 0, ""subst"": 0, ""unfold"": 4}",equal-environment polyhedron,PolyBase validator premise construction,keep/refactor,Extract one signed coordinate-equality lemma to remove the explicitly copied constraint branch.,dependency of explicit external root
make_poly_env_eq_correct,make_poly_env_eq_correct,top,Lemma,False,2501,2513,13,2507,2513,7,0,,2,make_poly_env_eq;make_poly_env_eq'_correct,1,src/PolyLang.v:5006,False,,True,True,"{""apply"": 0, ""assert"": 1, ""auto"": 0, ""destruct"": 0, ""eapply"": 1, ""eauto"": 1, ""firstorder"": 0, ""inversion"": 0, ""lia"": 0, ""nia"": 0, ""pose proof"": 0, ""repeat"": 0, ""rewrite"": 1, ""specialize"": 0, ""subst"": 0, ""unfold"": 0}",equal-environment polyhedron,PolyBase validator premise construction,keep/refactor,Extract one signed coordinate-equality lemma to remove the explicitly copied constraint branch.,explicit external token root
