name,kind,local,start,end,total_lines,proof_start,proof_end,proof_lines,internal_callers_count,internal_callers,deps_count,deps,external_qualified_count,external_qualified_uses,public_root,public_closure,tactics,scope,role,canonical_owner,audit_action,audit_note,repository_reachability
schedule_head_constant,Definition,False,34,40,7,,,0,4,pinstr_head_constant;schedule_head_constant_sound;schedule_head_constant_lift;schedule_head_constant_lift_sound,0,,0,,False,True,"{""apply"": 0, ""assert"": 0, ""auto"": 0, ""destruct"": 0, ""eapply"": 0, ""eauto"": 0, ""inversion"": 0, ""lia"": 0, ""nia"": 0, ""pose proof"": 0, ""repeat"": 0, ""rewrite"": 0, ""specialize"": 0, ""subst"": 0, ""unfold"": 0}",TilingBandPhaseScalarValidator,constant phase schedule facts,shared phase-schedule support below Mixed and PhaseScalar,move/compatibility wrapper,Exact duplicate of the Mixed validator block; canonicalize below both functors and retain this path.,dependency of external root
pinstr_head_constant,Definition,False,42,44,3,,,0,4,phase_scalar_entry_shape;infer_phase_scalar_shape_entries;infer_phase_scalar_shape_entries_sound;phase_scalar_entry_shape_head,1,schedule_head_constant,0,,False,True,"{""apply"": 0, ""assert"": 0, ""auto"": 0, ""destruct"": 0, ""eapply"": 0, ""eauto"": 0, ""inversion"": 0, ""lia"": 0, ""nia"": 0, ""pose proof"": 0, ""repeat"": 0, ""rewrite"": 0, ""specialize"": 0, ""subst"": 0, ""unfold"": 0}",TilingBandPhaseScalarValidator,constant phase schedule facts,shared phase-schedule support below Mixed and PhaseScalar,move/compatibility wrapper,Exact duplicate of the Mixed validator block; canonicalize below both functors and retain this path.,dependency of external root
phase_scalar_entry,Record,False,46,51,6,,,0,9,phase_scalar_entry_compatibleb;check_phase_scalar_entry_againstb;check_phase_scalar_entries_consistentb;phase_scalar_entries_consistent;phase_scalar_entry_shape;phase_scalar_shape_entries;infer_phase_scalar_shape_entries;infer_pprog_phase_scalar_shape;phase_scalar_layouts,0,,0,,False,True,"{""apply"": 0, ""assert"": 0, ""auto"": 0, ""destruct"": 0, ""eapply"": 0, ""eauto"": 0, ""inversion"": 0, ""lia"": 0, ""nia"": 0, ""pose proof"": 0, ""repeat"": 0, ""rewrite"": 0, ""specialize"": 0, ""subst"": 0, ""unfold"": 0}",TilingBandPhaseScalarValidator,phase-scalar shape inference and soundness,PhaseScalar validator,keep/factor locally,"Defines the phase-class metadata, shape recognizer, consistency policy, and Boolean-to-Prop soundness chain.",dependency of external root
identity_phase_scalar_layout,Definition,False,53,56,4,,,0,1,infer_phase_scalar_shape_entries,0,,0,,False,True,"{""apply"": 0, ""assert"": 0, ""auto"": 0, ""destruct"": 0, ""eapply"": 0, ""eauto"": 0, ""inversion"": 0, ""lia"": 0, ""nia"": 0, ""pose proof"": 0, ""repeat"": 0, ""rewrite"": 0, ""specialize"": 0, ""subst"": 0, ""unfold"": 0}",TilingBandPhaseScalarValidator,phase-scalar shape inference and soundness,PhaseScalar validator,keep/factor locally,"Defines the phase-class metadata, shape recognizer, consistency policy, and Boolean-to-Prop soundness chain.",dependency of external root
phase_scalar_entry_compatibleb,Definition,False,58,67,10,,,0,2,check_phase_scalar_entry_againstb;phase_scalar_entry_compatibleb_sound,1,phase_scalar_entry,0,,False,True,"{""apply"": 0, ""assert"": 0, ""auto"": 0, ""destruct"": 0, ""eapply"": 0, ""eauto"": 0, ""inversion"": 0, ""lia"": 0, ""nia"": 0, ""pose proof"": 0, ""repeat"": 0, ""rewrite"": 0, ""specialize"": 0, ""subst"": 0, ""unfold"": 0}",TilingBandPhaseScalarValidator,phase-scalar shape inference and soundness,PhaseScalar validator,keep/factor locally,"Defines the phase-class metadata, shape recognizer, consistency policy, and Boolean-to-Prop soundness chain.",dependency of external root
check_phase_scalar_entry_againstb,Fixpoint,False,69,77,9,,,0,3,check_phase_scalar_entry_againstb;check_phase_scalar_entries_consistentb;check_phase_scalar_entry_againstb_sound,3,phase_scalar_entry;phase_scalar_entry_compatibleb;check_phase_scalar_entry_againstb,0,,False,True,"{""apply"": 0, ""assert"": 0, ""auto"": 0, ""destruct"": 0, ""eapply"": 0, ""eauto"": 0, ""inversion"": 0, ""lia"": 0, ""nia"": 0, ""pose proof"": 0, ""repeat"": 0, ""rewrite"": 0, ""specialize"": 0, ""subst"": 0, ""unfold"": 0}",TilingBandPhaseScalarValidator,phase-scalar shape inference and soundness,PhaseScalar validator,keep/factor locally,"Defines the phase-class metadata, shape recognizer, consistency policy, and Boolean-to-Prop soundness chain.",dependency of external root
check_phase_scalar_entries_consistentb,Fixpoint,False,79,86,8,,,0,4,check_phase_scalar_entries_consistentb;infer_pprog_phase_scalar_shape;check_phase_scalar_entries_consistentb_sound;infer_pprog_phase_scalar_shape_sound,3,phase_scalar_entry;check_phase_scalar_entry_againstb;check_phase_scalar_entries_consistentb,0,,False,True,"{""apply"": 0, ""assert"": 0, ""auto"": 0, ""destruct"": 0, ""eapply"": 0, ""eauto"": 0, ""inversion"": 0, ""lia"": 0, ""nia"": 0, ""pose proof"": 0, ""repeat"": 0, ""rewrite"": 0, ""specialize"": 0, ""subst"": 0, ""unfold"": 0}",TilingBandPhaseScalarValidator,phase-scalar shape inference and soundness,PhaseScalar validator,keep/factor locally,"Defines the phase-class metadata, shape recognizer, consistency policy, and Boolean-to-Prop soundness chain.",dependency of external root
phase_scalar_entries_consistent,Definition,False,88,97,10,,,0,3,check_phase_scalar_entries_consistentb_sound;infer_pprog_phase_scalar_shape_sound;phase_scalar_reversal_same_class,1,phase_scalar_entry,0,,False,True,"{""apply"": 0, ""assert"": 0, ""auto"": 0, ""destruct"": 0, ""eapply"": 0, ""eauto"": 0, ""inversion"": 0, ""lia"": 0, ""nia"": 0, ""pose proof"": 0, ""repeat"": 0, ""rewrite"": 0, ""specialize"": 0, ""subst"": 0, ""unfold"": 0}",TilingBandPhaseScalarValidator,phase-scalar shape inference and soundness,PhaseScalar validator,keep/factor locally,"Defines the phase-class metadata, shape recognizer, consistency policy, and Boolean-to-Prop soundness chain.",dependency of external root
phase_scalar_entry_shape,Inductive,False,99,121,23,,,0,7,phase_scalar_entry_shape;phase_scalar_shape_entries;phase_scalar_shape_entries_nth_error;phase_scalar_entry_shape_head;phase_scalar_entry_shape_tiled_inv;phase_scalar_entry_target_phase_decomposition;phase_scalar_identity_entry_timestamp_eq,3,pinstr_head_constant;phase_scalar_entry;phase_scalar_entry_shape,0,,False,True,"{""apply"": 0, ""assert"": 0, ""auto"": 0, ""destruct"": 0, ""eapply"": 0, ""eauto"": 0, ""inversion"": 0, ""lia"": 0, ""nia"": 0, ""pose proof"": 0, ""repeat"": 0, ""rewrite"": 0, ""specialize"": 0, ""subst"": 0, ""unfold"": 0}",TilingBandPhaseScalarValidator,phase-scalar shape inference and soundness,PhaseScalar validator,keep/factor locally,"Defines the phase-class metadata, shape recognizer, consistency policy, and Boolean-to-Prop soundness chain.",dependency of external root
phase_scalar_shape_entries,Inductive,False,123,142,20,,,0,6,phase_scalar_shape_entries;infer_phase_scalar_shape_entries_sound;phase_scalar_shape_entries_lengths;phase_scalar_shape_entries_nth_error;infer_pprog_phase_scalar_shape_sound;phase_scalar_reversal_same_class,3,phase_scalar_entry;phase_scalar_entry_shape;phase_scalar_shape_entries,0,,False,True,"{""apply"": 0, ""assert"": 0, ""auto"": 0, ""destruct"": 0, ""eapply"": 0, ""eauto"": 0, ""inversion"": 0, ""lia"": 0, ""nia"": 0, ""pose proof"": 0, ""repeat"": 0, ""rewrite"": 0, ""specialize"": 0, ""subst"": 0, ""unfold"": 0}",TilingBandPhaseScalarValidator,phase-scalar shape inference and soundness,PhaseScalar validator,keep/factor locally,"Defines the phase-class metadata, shape recognizer, consistency policy, and Boolean-to-Prop soundness chain.",dependency of external root
infer_phase_scalar_shape_entries,Fixpoint,False,144,219,76,,,0,4,infer_phase_scalar_shape_entries;infer_pprog_phase_scalar_shape;infer_phase_scalar_shape_entries_sound;infer_pprog_phase_scalar_shape_sound,4,pinstr_head_constant;phase_scalar_entry;identity_phase_scalar_layout;infer_phase_scalar_shape_entries,0,,False,True,"{""apply"": 0, ""assert"": 0, ""auto"": 0, ""destruct"": 0, ""eapply"": 0, ""eauto"": 0, ""inversion"": 0, ""lia"": 0, ""nia"": 0, ""pose proof"": 0, ""repeat"": 0, ""rewrite"": 0, ""specialize"": 0, ""subst"": 0, ""unfold"": 0}",TilingBandPhaseScalarValidator,phase-scalar shape inference and soundness,PhaseScalar validator,keep/factor locally,"Defines the phase-class metadata, shape recognizer, consistency policy, and Boolean-to-Prop soundness chain.",dependency of external root
infer_pprog_phase_scalar_shape,Definition,False,221,240,20,,,0,3,infer_pprog_phase_scalar_shape_sound;checked_tiling_sourceb_phase_scalar_direct;checked_tiling_sourceb_phase_scalar_direct_true_inv,3,phase_scalar_entry;check_phase_scalar_entries_consistentb;infer_phase_scalar_shape_entries,0,,False,True,"{""apply"": 0, ""assert"": 0, ""auto"": 0, ""destruct"": 0, ""eapply"": 0, ""eauto"": 0, ""inversion"": 0, ""lia"": 0, ""nia"": 0, ""pose proof"": 0, ""repeat"": 0, ""rewrite"": 0, ""specialize"": 0, ""subst"": 0, ""unfold"": 0}",TilingBandPhaseScalarValidator,phase-scalar shape inference and soundness,PhaseScalar validator,keep/factor locally,"Defines the phase-class metadata, shape recognizer, consistency policy, and Boolean-to-Prop soundness chain.",dependency of external root
phase_scalar_entry_compatibleb_sound,Lemma,False,242,272,31,250,272,23,1,check_phase_scalar_entry_againstb_sound,1,phase_scalar_entry_compatibleb,0,,False,True,"{""apply"": 2, ""assert"": 1, ""auto"": 0, ""destruct"": 3, ""eapply"": 2, ""eauto"": 0, ""inversion"": 0, ""lia"": 0, ""nia"": 0, ""pose proof"": 0, ""repeat"": 0, ""rewrite"": 2, ""specialize"": 0, ""subst"": 0, ""unfold"": 1}",TilingBandPhaseScalarValidator,phase-scalar shape inference and soundness,PhaseScalar validator,keep/factor locally,"Defines the phase-class metadata, shape recognizer, consistency policy, and Boolean-to-Prop soundness chain.",dependency of external root
check_phase_scalar_entry_againstb_sound,Lemma,False,274,296,23,284,296,13,1,check_phase_scalar_entries_consistentb_sound,2,check_phase_scalar_entry_againstb;phase_scalar_entry_compatibleb_sound,0,,False,True,"{""apply"": 1, ""assert"": 0, ""auto"": 0, ""destruct"": 2, ""eapply"": 2, ""eauto"": 2, ""inversion"": 1, ""lia"": 0, ""nia"": 0, ""pose proof"": 0, ""repeat"": 0, ""rewrite"": 0, ""specialize"": 0, ""subst"": 1, ""unfold"": 0}",TilingBandPhaseScalarValidator,phase-scalar shape inference and soundness,PhaseScalar validator,keep/factor locally,"Defines the phase-class metadata, shape recognizer, consistency policy, and Boolean-to-Prop soundness chain.",dependency of external root
check_phase_scalar_entries_consistentb_sound,Lemma,False,298,332,35,302,332,31,1,infer_pprog_phase_scalar_shape_sound,3,check_phase_scalar_entries_consistentb;phase_scalar_entries_consistent;check_phase_scalar_entry_againstb_sound,0,,False,True,"{""apply"": 1, ""assert"": 1, ""auto"": 0, ""destruct"": 5, ""eapply"": 2, ""eauto"": 2, ""inversion"": 0, ""lia"": 0, ""nia"": 0, ""pose proof"": 0, ""repeat"": 0, ""rewrite"": 1, ""specialize"": 0, ""subst"": 3, ""unfold"": 2}",TilingBandPhaseScalarValidator,phase-scalar shape inference and soundness,PhaseScalar validator,keep/factor locally,"Defines the phase-class metadata, shape recognizer, consistency policy, and Boolean-to-Prop soundness chain.",dependency of external root
infer_phase_scalar_shape_entries_sound,Lemma,False,334,419,86,340,419,80,1,infer_pprog_phase_scalar_shape_sound,3,pinstr_head_constant;phase_scalar_shape_entries;infer_phase_scalar_shape_entries,0,,False,True,"{""apply"": 3, ""assert"": 0, ""auto"": 0, ""destruct"": 17, ""eapply"": 4, ""eauto"": 0, ""inversion"": 3, ""lia"": 0, ""nia"": 0, ""pose proof"": 0, ""repeat"": 1, ""rewrite"": 1, ""specialize"": 0, ""subst"": 2, ""unfold"": 0}",TilingBandPhaseScalarValidator,phase-scalar shape inference and soundness,PhaseScalar validator,keep/factor locally,"Defines the phase-class metadata, shape recognizer, consistency policy, and Boolean-to-Prop soundness chain.",dependency of external root
phase_scalar_shape_entries_lengths,Lemma,False,421,431,11,428,431,4,2,phase_scalar_reversal_same_class;checked_tiling_sourceb_phase_scalar_direct_reordering_safe,1,phase_scalar_shape_entries,0,,False,True,"{""apply"": 0, ""assert"": 0, ""auto"": 0, ""destruct"": 0, ""eapply"": 0, ""eauto"": 0, ""inversion"": 0, ""lia"": 1, ""nia"": 0, ""pose proof"": 0, ""repeat"": 0, ""rewrite"": 0, ""specialize"": 0, ""subst"": 0, ""unfold"": 0}",TilingBandPhaseScalarValidator,phase-scalar shape inference and soundness,PhaseScalar validator,keep/factor locally,"Defines the phase-class metadata, shape recognizer, consistency policy, and Boolean-to-Prop soundness chain.",dependency of external root
phase_scalar_shape_entries_nth_error,Lemma,False,433,455,23,443,455,13,2,phase_scalar_reversal_same_class;checked_tiling_sourceb_phase_scalar_direct_reordering_safe,2,phase_scalar_entry_shape;phase_scalar_shape_entries,0,,False,True,"{""apply"": 0, ""assert"": 0, ""auto"": 0, ""destruct"": 0, ""eapply"": 1, ""eauto"": 1, ""inversion"": 5, ""lia"": 0, ""nia"": 0, ""pose proof"": 0, ""repeat"": 0, ""rewrite"": 0, ""specialize"": 0, ""subst"": 2, ""unfold"": 0}",TilingBandPhaseScalarValidator,phase-scalar shape inference and soundness,PhaseScalar validator,keep/factor locally,"Defines the phase-class metadata, shape recognizer, consistency policy, and Boolean-to-Prop soundness chain.",dependency of external root
infer_pprog_phase_scalar_shape_sound,Lemma,False,457,493,37,469,493,25,1,checked_tiling_sourceb_phase_scalar_direct_reordering_safe,7,check_phase_scalar_entries_consistentb;phase_scalar_entries_consistent;phase_scalar_shape_entries;infer_phase_scalar_shape_entries;infer_pprog_phase_scalar_shape;check_phase_scalar_entries_consistentb_sound;infer_phase_scalar_shape_entries_sound,0,,False,True,"{""apply"": 2, ""assert"": 0, ""auto"": 0, ""destruct"": 4, ""eapply"": 2, ""eauto"": 0, ""inversion"": 1, ""lia"": 0, ""nia"": 0, ""pose proof"": 0, ""repeat"": 0, ""rewrite"": 0, ""specialize"": 0, ""subst"": 1, ""unfold"": 1}",TilingBandPhaseScalarValidator,phase-scalar shape inference and soundness,PhaseScalar validator,keep/factor locally,"Defines the phase-class metadata, shape recognizer, consistency policy, and Boolean-to-Prop soundness chain.",dependency of external root
forallb_zeqb_zero_dot_product,Lemma,False,495,508,14,499,508,10,1,schedule_head_constant_sound,0,,0,,False,True,"{""apply"": 2, ""assert"": 0, ""auto"": 1, ""destruct"": 2, ""eapply"": 0, ""eauto"": 0, ""inversion"": 0, ""lia"": 1, ""nia"": 0, ""pose proof"": 0, ""repeat"": 0, ""rewrite"": 1, ""specialize"": 0, ""subst"": 1, ""unfold"": 0}",TilingBandPhaseScalarValidator,constant phase schedule facts,shared phase-schedule support below Mixed and PhaseScalar,move/compatibility wrapper,Exact duplicate of the Mixed validator block; canonicalize below both functors and retain this path.,dependency of external root
schedule_head_constant_sound,Lemma,False,510,524,15,515,524,10,1,schedule_head_constant_lift_sound,2,schedule_head_constant;forallb_zeqb_zero_dot_product,0,,False,True,"{""apply"": 0, ""assert"": 0, ""auto"": 0, ""destruct"": 2, ""eapply"": 0, ""eauto"": 0, ""inversion"": 1, ""lia"": 0, ""nia"": 0, ""pose proof"": 0, ""repeat"": 0, ""rewrite"": 1, ""specialize"": 0, ""subst"": 1, ""unfold"": 0}",TilingBandPhaseScalarValidator,constant phase schedule facts,shared phase-schedule support below Mixed and PhaseScalar,move/compatibility wrapper,Exact duplicate of the Mixed validator block; canonicalize below both functors and retain this path.,dependency of external root
forallb_skipn_true,Lemma,False,526,537,12,530,537,8,1,schedule_head_constant_lift,0,,0,,False,True,"{""apply"": 1, ""assert"": 0, ""auto"": 2, ""destruct"": 1, ""eapply"": 1, ""eauto"": 0, ""inversion"": 0, ""lia"": 0, ""nia"": 0, ""pose proof"": 0, ""repeat"": 0, ""rewrite"": 0, ""specialize"": 0, ""subst"": 0, ""unfold"": 0}",TilingBandPhaseScalarValidator,constant phase schedule facts,shared phase-schedule support below Mixed and PhaseScalar,move/compatibility wrapper,Exact duplicate of the Mixed validator block; canonicalize below both functors and retain this path.,dependency of external root
schedule_head_constant_lift,Lemma,False,539,566,28,545,566,22,1,schedule_head_constant_lift_sound,2,schedule_head_constant;forallb_skipn_true,0,,False,True,"{""apply"": 0, ""assert"": 0, ""auto"": 0, ""destruct"": 2, ""eapply"": 0, ""eauto"": 0, ""inversion"": 1, ""lia"": 0, ""nia"": 0, ""pose proof"": 0, ""repeat"": 0, ""rewrite"": 5, ""specialize"": 0, ""subst"": 1, ""unfold"": 2}",TilingBandPhaseScalarValidator,constant phase schedule facts,shared phase-schedule support below Mixed and PhaseScalar,move/compatibility wrapper,Exact duplicate of the Mixed validator block; canonicalize below both functors and retain this path.,dependency of external root
schedule_head_constant_lift_sound,Lemma,False,568,581,14,576,581,6,1,phase_scalar_reversal_same_class,3,schedule_head_constant;schedule_head_constant_sound;schedule_head_constant_lift,0,,False,True,"{""apply"": 0, ""assert"": 0, ""auto"": 0, ""destruct"": 0, ""eapply"": 2, ""eauto"": 0, ""inversion"": 0, ""lia"": 0, ""nia"": 0, ""pose proof"": 0, ""repeat"": 0, ""rewrite"": 0, ""specialize"": 0, ""subst"": 0, ""unfold"": 0}",TilingBandPhaseScalarValidator,constant phase schedule facts,shared phase-schedule support below Mixed and PhaseScalar,move/compatibility wrapper,Exact duplicate of the Mixed validator block; canonicalize below both functors and retain this path.,dependency of external root
scalar_aware_stripmine_expected_timestamp_prefix,Lemma,False,583,638,56,596,638,43,1,phase_scalar_entry_target_phase_decomposition,0,,0,,False,True,"{""apply"": 0, ""assert"": 0, ""auto"": 0, ""destruct"": 2, ""eapply"": 0, ""eauto"": 0, ""inversion"": 1, ""lia"": 0, ""nia"": 0, ""pose proof"": 0, ""repeat"": 0, ""rewrite"": 1, ""specialize"": 0, ""subst"": 2, ""unfold"": 2}",TilingBandPhaseScalarValidator,target schedule phase bridge,"schedule representation layer, exposed through PhaseScalar",keep or move canonical lemma to Core,Connects scalar-aware/identity target schedules to the preserved source phase prefix.,dependency of external root
phase_scalar_entry_shape_head,Lemma,False,640,647,8,644,647,4,1,phase_scalar_reversal_same_class,2,pinstr_head_constant;phase_scalar_entry_shape,0,,False,True,"{""apply"": 0, ""assert"": 0, ""auto"": 0, ""destruct"": 0, ""eapply"": 0, ""eauto"": 0, ""inversion"": 1, ""lia"": 0, ""nia"": 0, ""pose proof"": 0, ""repeat"": 0, ""rewrite"": 0, ""specialize"": 0, ""subst"": 0, ""unfold"": 0}",TilingBandPhaseScalarValidator,target schedule phase bridge,"schedule representation layer, exposed through PhaseScalar",keep or move canonical lemma to Core,Connects scalar-aware/identity target schedules to the preserved source phase prefix.,dependency of external root
phase_scalar_entry_shape_tiled_inv,Lemma,False,649,662,14,657,662,6,2,phase_scalar_reversal_same_class;checked_tiling_sourceb_phase_scalar_direct_reordering_safe,1,phase_scalar_entry_shape,0,,False,True,"{""apply"": 0, ""assert"": 0, ""auto"": 0, ""destruct"": 0, ""eapply"": 0, ""eauto"": 0, ""inversion"": 1, ""lia"": 0, ""nia"": 0, ""pose proof"": 0, ""repeat"": 1, ""rewrite"": 0, ""specialize"": 0, ""subst"": 1, ""unfold"": 0}",TilingBandPhaseScalarValidator,target schedule phase bridge,"schedule representation layer, exposed through PhaseScalar",keep or move canonical lemma to Core,Connects scalar-aware/identity target schedules to the preserved source phase prefix.,dependency of external root
phase_scalar_entry_target_phase_decomposition,Lemma,False,664,713,50,678,713,36,1,phase_scalar_reversal_same_class,2,phase_scalar_entry_shape;scalar_aware_stripmine_expected_timestamp_prefix,0,,False,True,"{""apply"": 0, ""assert"": 0, ""auto"": 0, ""destruct"": 2, ""eapply"": 2, ""eauto"": 0, ""inversion"": 1, ""lia"": 0, ""nia"": 0, ""pose proof"": 0, ""repeat"": 0, ""rewrite"": 3, ""specialize"": 0, ""subst"": 1, ""unfold"": 0}",TilingBandPhaseScalarValidator,target schedule phase bridge,"schedule representation layer, exposed through PhaseScalar",keep or move canonical lemma to Core,Connects scalar-aware/identity target schedules to the preserved source phase prefix.,dependency of external root
phase_scalar_identity_entry_timestamp_eq,Lemma,False,715,740,26,727,740,14,1,phase_scalar_reversal_same_class,1,phase_scalar_entry_shape,0,,False,True,"{""apply"": 0, ""assert"": 0, ""auto"": 0, ""destruct"": 0, ""eapply"": 1, ""eauto"": 0, ""inversion"": 1, ""lia"": 0, ""nia"": 0, ""pose proof"": 0, ""repeat"": 0, ""rewrite"": 1, ""specialize"": 0, ""subst"": 1, ""unfold"": 0}",TilingBandPhaseScalarValidator,target schedule phase bridge,"schedule representation layer, exposed through PhaseScalar",keep or move canonical lemma to Core,Connects scalar-aware/identity target schedules to the preserved source phase prefix.,dependency of external root
scalar_layout_entry,Definition,False,742,743,2,,,0,4,validate_two_instr_scalar_layout_entries_component_direct;validate_scalar_layout_entry_and_list_component_direct;validate_scalar_layout_entry_list_component_direct;validate_scalar_layout_entry_list_components_direct_from,0,,0,,False,True,"{""apply"": 0, ""assert"": 0, ""auto"": 0, ""destruct"": 0, ""eapply"": 0, ""eauto"": 0, ""inversion"": 0, ""lia"": 0, ""nia"": 0, ""pose proof"": 0, ""repeat"": 0, ""rewrite"": 0, ""specialize"": 0, ""subst"": 0, ""unfold"": 0}",TilingBandPhaseScalarValidator,all-pairs/all-components checker traversal,PhaseScalar validator,keep,Executable traversal and list-index support for the phase-scalar component checker.,dependency of external root
validate_two_instr_scalar_layout_entries_component_direct,Definition,False,745,755,11,,,0,5,validate_scalar_layout_entry_and_list_component_direct;validate_scalar_layout_entry_list_component_direct;validate_scalar_layout_entry_and_list_component_true_pair;validate_scalar_layout_entry_list_component_true_pair;check_pprog_phase_scalar_components_direct_sound,1,scalar_layout_entry,0,,False,True,"{""apply"": 0, ""assert"": 0, ""auto"": 0, ""destruct"": 0, ""eapply"": 0, ""eauto"": 0, ""inversion"": 0, ""lia"": 0, ""nia"": 0, ""pose proof"": 0, ""repeat"": 0, ""rewrite"": 0, ""specialize"": 0, ""subst"": 0, ""unfold"": 0}",TilingBandPhaseScalarValidator,all-pairs/all-components checker traversal,PhaseScalar validator,keep,Executable traversal and list-index support for the phase-scalar component checker.,dependency of external root
validate_scalar_layout_entry_and_list_component_direct,Fixpoint,False,757,776,20,,,0,3,validate_scalar_layout_entry_and_list_component_direct;validate_scalar_layout_entry_list_component_direct;validate_scalar_layout_entry_and_list_component_true_pair,3,scalar_layout_entry;validate_two_instr_scalar_layout_entries_component_direct;validate_scalar_layout_entry_and_list_component_direct,0,,False,True,"{""apply"": 0, ""assert"": 0, ""auto"": 0, ""destruct"": 0, ""eapply"": 0, ""eauto"": 0, ""inversion"": 0, ""lia"": 0, ""nia"": 0, ""pose proof"": 0, ""repeat"": 0, ""rewrite"": 0, ""specialize"": 0, ""subst"": 0, ""unfold"": 0}",TilingBandPhaseScalarValidator,all-pairs/all-components checker traversal,PhaseScalar validator,keep,Executable traversal and list-index support for the phase-scalar component checker.,dependency of external root
validate_scalar_layout_entry_list_component_direct,Fixpoint,False,778,796,19,,,0,5,validate_scalar_layout_entry_list_component_direct;validate_scalar_layout_entry_list_components_direct_from;validate_scalar_layout_entry_list_component_true_pair;validate_scalar_layout_entry_list_components_true_component;check_pprog_phase_scalar_components_direct_sound,4,scalar_layout_entry;validate_two_instr_scalar_layout_entries_component_direct;validate_scalar_layout_entry_and_list_component_direct;validate_scalar_layout_entry_list_component_direct,0,,False,True,"{""apply"": 0, ""assert"": 0, ""auto"": 0, ""destruct"": 0, ""eapply"": 0, ""eauto"": 0, ""inversion"": 0, ""lia"": 0, ""nia"": 0, ""pose proof"": 0, ""repeat"": 0, ""rewrite"": 0, ""specialize"": 0, ""subst"": 0, ""unfold"": 0}",TilingBandPhaseScalarValidator,all-pairs/all-components checker traversal,PhaseScalar validator,keep,Executable traversal and list-index support for the phase-scalar component checker.,dependency of external root
validate_scalar_layout_entry_list_components_direct_from,Fixpoint,False,798,811,14,,,0,3,validate_scalar_layout_entry_list_components_direct_from;check_pprog_phase_scalar_components_direct;validate_scalar_layout_entry_list_components_true_component,3,scalar_layout_entry;validate_scalar_layout_entry_list_component_direct;validate_scalar_layout_entry_list_components_direct_from,0,,False,True,"{""apply"": 0, ""assert"": 0, ""auto"": 0, ""destruct"": 0, ""eapply"": 0, ""eauto"": 0, ""inversion"": 0, ""lia"": 0, ""nia"": 0, ""pose proof"": 0, ""repeat"": 0, ""rewrite"": 0, ""specialize"": 0, ""subst"": 0, ""unfold"": 0}",TilingBandPhaseScalarValidator,all-pairs/all-components checker traversal,PhaseScalar validator,keep,Executable traversal and list-index support for the phase-scalar component checker.,dependency of external root
max_scalar_layout_length,Fixpoint,False,813,821,9,,,0,3,max_scalar_layout_length;check_pprog_phase_scalar_components_direct;max_scalar_layout_length_ge_nth_error,1,max_scalar_layout_length,0,,False,True,"{""apply"": 0, ""assert"": 0, ""auto"": 0, ""destruct"": 0, ""eapply"": 0, ""eauto"": 0, ""inversion"": 0, ""lia"": 0, ""nia"": 0, ""pose proof"": 0, ""repeat"": 0, ""rewrite"": 0, ""specialize"": 0, ""subst"": 0, ""unfold"": 0}",TilingBandPhaseScalarValidator,all-pairs/all-components checker traversal,PhaseScalar validator,keep,Executable traversal and list-index support for the phase-scalar component checker.,dependency of external root
check_pprog_phase_scalar_components_direct,Definition,False,823,843,21,,,0,3,check_pprog_phase_scalar_components_direct_sound;checked_tiling_sourceb_phase_scalar_direct;checked_tiling_sourceb_phase_scalar_direct_true_inv,2,validate_scalar_layout_entry_list_components_direct_from;max_scalar_layout_length,0,,False,True,"{""apply"": 0, ""assert"": 0, ""auto"": 0, ""destruct"": 0, ""eapply"": 0, ""eauto"": 0, ""inversion"": 0, ""lia"": 0, ""nia"": 0, ""pose proof"": 0, ""repeat"": 0, ""rewrite"": 0, ""specialize"": 0, ""subst"": 0, ""unfold"": 0}",TilingBandPhaseScalarValidator,all-pairs/all-components checker traversal,PhaseScalar validator,keep,Executable traversal and list-index support for the phase-scalar component checker.,dependency of external root
validate_scalar_layout_entry_and_list_component_true_pair,Lemma,False,845,876,32,861,876,16,1,validate_scalar_layout_entry_list_component_true_pair,2,validate_two_instr_scalar_layout_entries_component_direct;validate_scalar_layout_entry_and_list_component_direct,0,,False,True,"{""apply"": 2, ""assert"": 0, ""auto"": 0, ""destruct"": 3, ""eapply"": 1, ""eauto"": 1, ""inversion"": 1, ""lia"": 0, ""nia"": 0, ""pose proof"": 0, ""repeat"": 0, ""rewrite"": 0, ""specialize"": 0, ""subst"": 1, ""unfold"": 0}",TilingBandPhaseScalarValidator,all-pairs/all-components checker traversal,PhaseScalar validator,keep,Executable traversal and list-index support for the phase-scalar component checker.,dependency of external root
validate_scalar_layout_entry_list_component_true_pair,Lemma,False,878,917,40,891,917,27,1,check_pprog_phase_scalar_components_direct_sound,3,validate_two_instr_scalar_layout_entries_component_direct;validate_scalar_layout_entry_list_component_direct;validate_scalar_layout_entry_and_list_component_true_pair,0,,False,True,"{""apply"": 2, ""assert"": 0, ""auto"": 0, ""destruct"": 4, ""eapply"": 3, ""eauto"": 1, ""inversion"": 1, ""lia"": 0, ""nia"": 0, ""pose proof"": 0, ""repeat"": 0, ""rewrite"": 0, ""specialize"": 0, ""subst"": 3, ""unfold"": 0}",TilingBandPhaseScalarValidator,all-pairs/all-components checker traversal,PhaseScalar validator,keep,Executable traversal and list-index support for the phase-scalar component checker.,dependency of external root
validate_scalar_layout_entry_list_components_true_component,Lemma,False,919,945,27,931,945,15,1,check_pprog_phase_scalar_components_direct_sound,2,validate_scalar_layout_entry_list_component_direct;validate_scalar_layout_entry_list_components_direct_from,0,,False,True,"{""apply"": 1, ""assert"": 0, ""auto"": 0, ""destruct"": 2, ""eapply"": 1, ""eauto"": 0, ""inversion"": 0, ""lia"": 2, ""nia"": 0, ""pose proof"": 0, ""repeat"": 0, ""rewrite"": 0, ""specialize"": 0, ""subst"": 1, ""unfold"": 0}",TilingBandPhaseScalarValidator,all-pairs/all-components checker traversal,PhaseScalar validator,keep,Executable traversal and list-index support for the phase-scalar component checker.,dependency of external root
max_scalar_layout_length_ge_nth_error,Lemma,False,947,961,15,952,961,10,1,check_pprog_phase_scalar_components_direct_sound,1,max_scalar_layout_length,0,,False,True,"{""apply"": 2, ""assert"": 0, ""auto"": 0, ""destruct"": 1, ""eapply"": 2, ""eauto"": 0, ""inversion"": 1, ""lia"": 0, ""nia"": 0, ""pose proof"": 0, ""repeat"": 0, ""rewrite"": 0, ""specialize"": 0, ""subst"": 1, ""unfold"": 0}",TilingBandPhaseScalarValidator,all-pairs/all-components checker traversal,PhaseScalar validator,keep,Executable traversal and list-index support for the phase-scalar component checker.,dependency of external root
scalar_aware_band_layout_eqb_refl,Lemma,False,963,973,11,966,973,8,1,check_pprog_phase_scalar_components_direct_sound,0,,0,,False,True,"{""apply"": 0, ""assert"": 0, ""auto"": 1, ""destruct"": 1, ""eapply"": 0, ""eauto"": 0, ""inversion"": 0, ""lia"": 0, ""nia"": 0, ""pose proof"": 0, ""repeat"": 0, ""rewrite"": 1, ""specialize"": 0, ""subst"": 0, ""unfold"": 1}",TilingBandPhaseScalarValidator,all-pairs/all-components checker traversal,PhaseScalar validator,keep,Executable traversal and list-index support for the phase-scalar component checker.,dependency of external root
pinstr_list_phase_scalar_componentwise_permutable,Definition,False,975,994,20,,,0,2,check_pprog_phase_scalar_components_direct_sound;checked_tiling_sourceb_phase_scalar_direct_reordering_safe,0,,0,,False,True,"{""apply"": 0, ""assert"": 0, ""auto"": 0, ""destruct"": 0, ""eapply"": 0, ""eauto"": 0, ""inversion"": 0, ""lia"": 0, ""nia"": 0, ""pose proof"": 0, ""repeat"": 0, ""rewrite"": 0, ""specialize"": 0, ""subst"": 0, ""unfold"": 0}",TilingBandPhaseScalarValidator,componentwise permutability specification and soundness,PhaseScalar validator over Core pair checker,extract Local endpoint helper,Turns all-component Boolean success into the semantic componentwise permutability property.,dependency of external root
check_pprog_phase_scalar_components_direct_sound,Lemma,False,996,1182,187,1009,1182,174,1,checked_tiling_sourceb_phase_scalar_direct_reordering_safe,8,validate_two_instr_scalar_layout_entries_component_direct;validate_scalar_layout_entry_list_component_direct;check_pprog_phase_scalar_components_direct;validate_scalar_layout_entry_list_component_true_pair;validate_scalar_layout_entry_list_components_true_component;max_scalar_layout_length_ge_nth_error;scalar_aware_band_layout_eqb_refl;pinstr_list_phase_scalar_componentwise_permutable,0,,False,True,"{""apply"": 4, ""assert"": 13, ""auto"": 0, ""destruct"": 4, ""eapply"": 8, ""eauto"": 2, ""inversion"": 0, ""lia"": 1, ""nia"": 0, ""pose proof"": 0, ""repeat"": 0, ""rewrite"": 5, ""specialize"": 0, ""subst"": 1, ""unfold"": 7}",TilingBandPhaseScalarValidator,componentwise permutability specification and soundness,PhaseScalar validator over Core pair checker,extract Local endpoint helper,Turns all-component Boolean success into the semantic componentwise permutability property.,dependency of external root
phase_scalar_layouts,Definition,False,1184,1187,4,,,0,6,nth_error_phase_scalar_layouts;nth_error_phase_scalar_layouts_inv;phase_scalar_reversal_same_class;checked_tiling_sourceb_phase_scalar_direct;checked_tiling_sourceb_phase_scalar_direct_true_inv;checked_tiling_sourceb_phase_scalar_direct_reordering_safe,1,phase_scalar_entry,0,,False,True,"{""apply"": 0, ""assert"": 0, ""auto"": 0, ""destruct"": 0, ""eapply"": 0, ""eauto"": 0, ""inversion"": 0, ""lia"": 0, ""nia"": 0, ""pose proof"": 0, ""repeat"": 0, ""rewrite"": 0, ""specialize"": 0, ""subst"": 0, ""unfold"": 0}",TilingBandPhaseScalarValidator,entry-to-layout projection,generic list map fact used by PhaseScalar,keep; consider stdlib wrapper,Projection support; inverse lemma has no repository caller.,dependency of external root
nth_error_phase_scalar_layouts,Lemma,False,1189,1200,12,1194,1200,7,2,phase_scalar_reversal_same_class;checked_tiling_sourceb_phase_scalar_direct_reordering_safe,1,phase_scalar_layouts,0,,False,True,"{""apply"": 0, ""assert"": 0, ""auto"": 0, ""destruct"": 1, ""eapply"": 1, ""eauto"": 0, ""inversion"": 1, ""lia"": 0, ""nia"": 0, ""pose proof"": 0, ""repeat"": 0, ""rewrite"": 0, ""specialize"": 0, ""subst"": 0, ""unfold"": 0}",TilingBandPhaseScalarValidator,entry-to-layout projection,generic list map fact used by PhaseScalar,keep; consider stdlib wrapper,Projection support; inverse lemma has no repository caller.,dependency of external root
nth_error_phase_scalar_layouts_inv,Lemma,False,1202,1216,15,1208,1216,9,0,,1,phase_scalar_layouts,0,,False,False,"{""apply"": 0, ""assert"": 0, ""auto"": 0, ""destruct"": 2, ""eapply"": 0, ""eauto"": 0, ""inversion"": 1, ""lia"": 0, ""nia"": 0, ""pose proof"": 0, ""repeat"": 0, ""rewrite"": 0, ""specialize"": 0, ""subst"": 1, ""unfold"": 0}",TilingBandPhaseScalarValidator,entry-to-layout projection,generic list map fact used by PhaseScalar,preserve or remove after API decision,Exported but outside the current repository runtime/correctness closure; equivalent to an inverse nth_error/map fact.,exported; no repository caller
phase_scalar_reversal_same_class,Lemma,False,1218,1592,375,1253,1592,340,1,checked_tiling_sourceb_phase_scalar_direct_reordering_safe,11,phase_scalar_entries_consistent;phase_scalar_shape_entries;phase_scalar_shape_entries_lengths;phase_scalar_shape_entries_nth_error;schedule_head_constant_lift_sound;phase_scalar_entry_shape_head;phase_scalar_entry_shape_tiled_inv;phase_scalar_entry_target_phase_decomposition;phase_scalar_identity_entry_timestamp_eq;phase_scalar_layouts;nth_error_phase_scalar_layouts,0,,False,True,"{""apply"": 8, ""assert"": 22, ""auto"": 0, ""destruct"": 15, ""eapply"": 5, ""eauto"": 1, ""inversion"": 1, ""lia"": 2, ""nia"": 0, ""pose proof"": 7, ""repeat"": 1, ""rewrite"": 25, ""specialize"": 0, ""subst"": 0, ""unfold"": 4}",TilingBandPhaseScalarValidator,same-phase reversal classification bridge,PhaseScalar semantic bridge,extract Local endpoint observation helper,Proves a reversed pair cannot involve identity entries and exposes common tiled layout/recipe data.,dependency of external root
checked_tiling_sourceb_phase_scalar_direct,Definition,False,1594,1608,15,,,0,3,checked_tiling_sourceb_phase_scalar_direct_true_inv;checked_tiling_sourceb_phase_scalar_direct_reordering_safe;checked_tiling_sourceb_phase_scalar_direct_correct_same_ctxt,3,infer_pprog_phase_scalar_shape;check_pprog_phase_scalar_components_direct;phase_scalar_layouts,1,src/TilingBandDirectRuntime.v:131,True,True,"{""apply"": 0, ""assert"": 0, ""auto"": 0, ""destruct"": 0, ""eapply"": 0, ""eauto"": 0, ""inversion"": 0, ""lia"": 0, ""nia"": 0, ""pose proof"": 0, ""repeat"": 0, ""rewrite"": 0, ""specialize"": 0, ""subst"": 0, ""unfold"": 0}",TilingBandPhaseScalarValidator,public checker and semantic soundness,PhaseScalar public boundary,keep/factor locally,"Active runtime-facing checker, inversion theorem, reordering bridge, and State.eq correctness theorem.",qualified external root
checked_tiling_sourceb_phase_scalar_direct_true_inv,Lemma,False,1610,1649,40,1631,1649,19,2,checked_tiling_sourceb_phase_scalar_direct_reordering_safe;checked_tiling_sourceb_phase_scalar_direct_correct_same_ctxt,4,infer_pprog_phase_scalar_shape;check_pprog_phase_scalar_components_direct;phase_scalar_layouts;checked_tiling_sourceb_phase_scalar_direct,1,src/TilingBandDirectRuntime.v:202,True,True,"{""apply"": 2, ""assert"": 0, ""auto"": 0, ""destruct"": 2, ""eapply"": 0, ""eauto"": 0, ""inversion"": 0, ""lia"": 0, ""nia"": 0, ""pose proof"": 0, ""repeat"": 1, ""rewrite"": 0, ""specialize"": 0, ""subst"": 0, ""unfold"": 1}",TilingBandPhaseScalarValidator,public checker and semantic soundness,PhaseScalar public boundary,keep/factor locally,"Active runtime-facing checker, inversion theorem, reordering bridge, and State.eq correctness theorem.",qualified external root
checked_tiling_sourceb_phase_scalar_direct_reordering_safe,Lemma,False,1651,1886,236,1667,1886,220,1,checked_tiling_sourceb_phase_scalar_direct_correct_same_ctxt,11,phase_scalar_shape_entries_lengths;phase_scalar_shape_entries_nth_error;infer_pprog_phase_scalar_shape_sound;phase_scalar_entry_shape_tiled_inv;pinstr_list_phase_scalar_componentwise_permutable;check_pprog_phase_scalar_components_direct_sound;phase_scalar_layouts;nth_error_phase_scalar_layouts;phase_scalar_reversal_same_class;checked_tiling_sourceb_phase_scalar_direct;checked_tiling_sourceb_phase_scalar_direct_true_inv,0,,False,True,"{""apply"": 0, ""assert"": 12, ""auto"": 0, ""destruct"": 7, ""eapply"": 4, ""eauto"": 3, ""inversion"": 2, ""lia"": 0, ""nia"": 0, ""pose proof"": 5, ""repeat"": 0, ""rewrite"": 11, ""specialize"": 0, ""subst"": 3, ""unfold"": 3}",TilingBandPhaseScalarValidator,public checker and semantic soundness,PhaseScalar public boundary,keep/factor locally,"Active runtime-facing checker, inversion theorem, reordering bridge, and State.eq correctness theorem.",dependency of external root
checked_tiling_sourceb_phase_scalar_direct_correct_same_ctxt,Lemma,False,1888,1928,41,1907,1928,22,0,,3,checked_tiling_sourceb_phase_scalar_direct;checked_tiling_sourceb_phase_scalar_direct_true_inv;checked_tiling_sourceb_phase_scalar_direct_reordering_safe,1,src/TilingBandDirectRuntime.v:457,True,True,"{""apply"": 0, ""assert"": 0, ""auto"": 0, ""destruct"": 1, ""eapply"": 2, ""eauto"": 1, ""inversion"": 0, ""lia"": 0, ""nia"": 0, ""pose proof"": 0, ""repeat"": 0, ""rewrite"": 0, ""specialize"": 0, ""subst"": 0, ""unfold"": 0}",TilingBandPhaseScalarValidator,public checker and semantic soundness,PhaseScalar public boundary,keep/factor locally,"Active runtime-facing checker, inversion theorem, reordering bridge, and State.eq correctness theorem.",qualified external root
